자료ID,플랫폼,정리제목,제작자,원본URL,원래목록,활용주제,이전확인수준,기존요약,이번확인주장,이번선별검토,선별인사이트,적용조건,내경험질문,상세정리
5Gty04W5lPg,YouTube 영상,당신의 경쟁자가 *절대* 보게 두면 안되는 영상 | 타이 로페즈,민팍의 마음너머,https://www.youtube.com/watch?v=5Gty04W5lPg,"성장을 위한 / 인생수업, 위기의 때",학습·생각·글쓰기 / 고객·설득·브랜드 / 실행·지속·회복,자막 기반 요약,"타이 로페즈는 성공이 단순한 노력이 아닌 성실성(조직화, 완벽주의, 근면, 신중)의 조화에서 온다고 강조합니다. 특히 멘토와 독서를 통해 올바른 방향을 설정하고, 매일 10분간 하루를 계획하는 조직적인 습관이 부의 핵심이라고 설명합니다.",타이 로페즈는 아침에 10분 정도 메모하며 하루 주요 프로젝트를 적는 자신의 습관을 제안한다. 해당 구간 끝에서 적게는 세 개의 주요 프로젝트를 쓸 수 있다고 말한다.,자막·캡션 구간 직접 대조,하루를 시작할 때 오늘 다룰 문제와 끝났다고 볼 조건을 짧게 정리하는 소재로 사용할 수 있다. 세 개는 고정 규칙이 아니라 화자의 예시다. 자신의 날에 맞게 한 개를 택하고 저녁에 실제 결과와 비교해 보는 글이 더 구체적이다.,"영상 앞부분의 주의집중 시간·성격 특성과 사업 성공·노력의 비중, 같은 구간의 빌 게이츠 일화는 이번에 검증하지 않았다. 유명인의 성공으로 계획 습관의 효과를 증명하거나 사업 성과를 보장한다고 쓰지 않는다.","오늘 꼭 다룰 문제를 한 문장으로 적었을 때, 이전의 할 일 목록과 실제 선택이 달라졌는가?",sources/youtube/01-growth.md#5Gty04W5lPg
TQsrWa_mGCE,YouTube 영상,하버드 학생들에게 해주고 싶은 이야기 | 조던 피터슨 (한글자막),비버처럼앞니쏙,https://www.youtube.com/watch?v=TQsrWa_mGCE,"성장을 위한 / 인생수업, 위기의 때",학습·생각·글쓰기 / 가치·관계·삶,자막 기반 요약,"조던 피터슨은 대학 시절을 단순히 직업 교육의 장이 아닌, 읽고 생각하며 말하는 능력을 연마하여 최고의 역량을 갖추는 시기로 정의합니다. 그는 학생들이 세상의 불필요한 고통을 줄이기 위해 막중한 책임을 짊어지고 자신의 잠재력을 실현할 것을 권고합니다.",,없음,,,,sources/youtube/01-growth.md#TQsrWa_mGCE
oYXHmzMvS4E,YouTube 영상,앉아있으면 머리가 나빠져요. 뇌를 제대로 알려드릴게요.,돈공-돈버는공식,https://www.youtube.com/watch?v=oYXHmzMvS4E,성장을 위한,학습·생각·글쓰기 / 실행·지속·회복 / 별도 확인·배경,자막 기반 요약,"존 메디나 박사는 인간의 뇌가 생존과 문제 해결을 위해 진화했으며, 신체 활동과 정서적 안정이 뇌 기능을 극대화하는 핵심이라고 설명합니다. 특히 운동은 뇌의 집행 기능을 활성화하고, 스트레스와 수면 부족은 인지 능력을 저하시키므로 철저한 관리가 필요하다고 강조합니다.",,없음,,,,sources/youtube/01-growth.md#oYXHmzMvS4E
Kc_cvAXCs4Y,YouTube 영상,고생하면 머리가 좋아져요. 뇌를 제대로 알려드릴게요 (2),돈공-돈버는공식,https://www.youtube.com/watch?v=Kc_cvAXCs4Y,성장을 위한,학습·생각·글쓰기 / 가치·관계·삶 / 별도 확인·배경,자막 기반 요약,"뇌는 학습을 통해 물리적으로 재편성되며, 다양한 감각과 시각적 자극을 통합적으로 활용할 때 학습 효율이 극대화됩니다. 인간은 본래 탐험가로 설계되었으므로 성별에 따른 뇌 구조와 소통 방식의 차이를 이해하고 능동적으로 새로운 지식을 습득해야 합니다.",,없음,,,,sources/youtube/01-growth.md#Kc_cvAXCs4Y
wGvlcUqhdZU,YouTube 영상,시크릿 주인공 중 한 명이 직접 한 말..*충격 주의* | 동기부여 | 존아사라프,민팍의 마음너머,https://www.youtube.com/watch?v=wGvlcUqhdZU,성장을 위한,학습·생각·글쓰기 / 실행·지속·회복,자막 기반 요약,"존 아사라프는 단순한 관심이 아닌 '전념'이 성공의 핵심이며, 뇌의 주파수를 목표에 맞추는 것이 중요하다고 강조합니다. 그는 두려움과 제한적 신념을 극복하고 목표를 향한 구체적인 행동과 학습을 지속할 것을 권장합니다.",,없음,,,,sources/youtube/01-growth.md#wGvlcUqhdZU
b7vxBoXds2U,YouTube 영상,내 인생을 원자 단위로 쪼개 변화시키는 방법,돈공-돈버는공식,https://www.youtube.com/watch?v=b7vxBoXds2U,성장을 위한,학습·생각·글쓰기 / 실행·지속·회복,자막 기반 요약,제임스 클리어의 저서를 바탕으로 인생을 원자 단위로 쪼개어 변화시키는 구체적인 습관 형성 전략을 소개합니다. 변화의 핵심은 강력한 의지력이 아니라 행동을 명확히 규정하고 유혹을 차단하는 환경을 설계하는 데 있습니다.,"제임스 클리어의 책을 소개하는 해설은 매일 하는 행동을 적고, 시간·장소·행동을 구체화하라고 제안한다. 후반에는 강한 자제력을 계속 쓰기보다 방해 신호와 거리를 두는 환경을 설명한다.",자막·캡션 구간 직접 대조,"‘나는 꾸준하지 못하다’는 평가를 하기 전에, 쓰려던 순간 무엇이 보였고 어떤 준비가 필요했는지 관찰할 수 있다. 글쓰기 시작 시 문서 찾기·제목 정하기·자료 찾기에서 멈춘다면, 다음 번 첫 문장이나 질문 하나를 미리 남기는 정도의 작은 실험이 가능하다.",환경만으로 모든 실행 문제가 해결되는 것은 아니다. 외부 책임·건강·자원 제약도 확인해야 한다. 습관 책의 1%→37배 비유나 중독·건강 사례를 검증된 인간 성과 공식으로 사용하지 않는다.,나는 매번 어느 지점에서 글을 쓰기 전에 다른 일을 시작하는가? 다음번에는 무엇 하나를 미리 준비하거나 치워 볼 수 있는가?,sources/youtube/01-growth.md#b7vxBoXds2U
Q7OStpDzvYM,YouTube 영상,내 인생을 원자 단위로 쪼개 변화시키는 방법 (2),돈공-돈버는공식,https://www.youtube.com/watch?v=Q7OStpDzvYM,성장을 위한,실행·지속·회복 / 가치·관계·삶,자막 기반 요약,습관을 지속하려면 도파민의 보상 기대를 활용해 행동 자체를 매력적으로 설계해야 합니다. 유혹 묶기 전략과 적절한 공동체 선택을 통해 하기 싫은 일을 하고 싶은 일로 변모시키는 것이 핵심입니다.,,없음,,,,sources/youtube/01-growth.md#Q7OStpDzvYM
ikto49_6Cqk,YouTube 영상,단순하고 멋진 삶은 지금 바로 시작할 수 있습니다,돈공-돈버는공식,https://www.youtube.com/watch?v=ikto49_6Cqk,성장을 위한,실행·지속·회복 / 가치·관계·삶,자막 기반 요약,"진정한 성공은 모든 것에 신경 쓰는 것이 아니라, 자신만의 명확한 가치관에 따라 중요한 것에만 집중하는 태도에서 시작됩니다. 고통을 성장의 동력으로 받아들이고 평범한 일상의 소중함을 깨달을 때, 타인의 시선에서 벗어나 주체적인 삶을 살 수 있습니다.",,없음,,,,sources/youtube/01-growth.md#ikto49_6Cqk
c0Wl9K2gBIo,YouTube 영상,"베푸는사람 vs 뺏는사람 vs 기브앤테이크(feat. 코난 오브라이언, 버락 오바마)","Success Code, 데일리 동기부여 채널",https://www.youtube.com/watch?v=c0Wl9K2gBIo,성장을 위한,실행·지속·회복 / 가치·관계·삶,자막 기반 요약,타인에게 베푸는 '기버'는 성과 지표에서 최하위와 최상위를 동시에 차지하는 독특한 양면성을 보여줍니다. 냉소주의를 버리고 친절과 성실함을 유지하는 태도가 결국 인생에서 가장 가치 있는 성취와 기억을 남깁니다.,,없음,,,,sources/youtube/01-growth.md#c0Wl9K2gBIo
tupPml1hQjQ,YouTube 영상,전설의 나폴레온 힐 연설 영상,민팍의 마음너머,https://www.youtube.com/watch?v=tupPml1hQjQ,"성장을 위한 / 인생수업, 위기의 때",실행·지속·회복 / 가치·관계·삶,자막 기반 요약,"나폴레온 힐은 자기 통제를 통해 잠재의식에 명확한 목표를 각인시키는 것이 성공의 핵심이라고 강조합니다. 그는 과거의 실패를 잊고 이미 성공한 것처럼 행동하며, 모든 역경 속에서 성장의 기회를 찾아내는 태도를 가질 것을 권장합니다.",,없음,,,,sources/youtube/01-growth.md#tupPml1hQjQ
eAIqY3BNUwc,YouTube 영상,"많은 영재들도 결국 ""다 망하더군"" | 트럼프",민팍의 마음너머,https://www.youtube.com/watch?v=eAIqY3BNUwc,성장을 위한,실행·지속·회복 / 가치·관계·삶,자막 기반 요약,트럼프는 성공의 핵심이 뛰어난 재능보다 비전을 향한 끈기와 절대 포기하지 않는 태도에 있다고 강조합니다. 비판에 굴하지 않고 자신이 사랑하는 일을 끝까지 밀고 나가는 사람만이 세상을 변화시킬 수 있다고 조언합니다.,,없음,,,,sources/youtube/01-growth.md#eAIqY3BNUwc
gmrs8UxAZwo,YouTube 영상,성공한 엘리트 중 상위 10%는 '이것'이 달랐다,작심만일 : 성공 마인드 동반자,https://www.youtube.com/watch?v=gmrs8UxAZwo,성장을 위한,학습·생각·글쓰기 / 제품·창업·AI / 실행·지속·회복,자막 기반 요약,"성공한 엘리트들은 해야 할 일뿐만 아니라 하지 말아야 할 목록을 명확히 관리하며, 특히 아침 첫 한 시간을 스마트폰 없이 보냅니다. 이는 디지털 자극으로부터 뇌를 보호하고 집중력을 유지하여 하루의 주도권을 잡기 위한 핵심 전략입니다.",,없음,,,,sources/youtube/01-growth.md#gmrs8UxAZwo
I5oTw7AJ1Rk,YouTube 영상,당신을 엘리트로 만들 단 한 가지의 '성공' 습관,작심만일 : 성공 마인드 동반자,https://www.youtube.com/watch?v=I5oTw7AJ1Rk,성장을 위한,학습·생각·글쓰기 / 실행·지속·회복 / 가치·관계·삶,자막 기반 요약,"글쓰기는 생각을 정교화하는 과정이며, 이를 통해 자신의 목소리를 찾고 세상을 설득하는 강력한 무기를 갖출 수 있습니다. 매일 읽고 쓰는 습관으로 논리적 사고력을 기르는 것이 성공을 위한 가장 실용적인 방법입니다.","피터슨은 글쓰기를 형식화된 사고로 설명하며, 관심을 끄는 문제를 정하고 관련 자료를 읽은 뒤 자료 사이의 모순을 정리해 논증을 구성하라고 권한다. 후반에는 평가자가 원하는 답에 맞추느라 자기 생각을 왜곡하지 말라고 말한다.",자막·캡션 구간 직접 대조,"저장 영상들을 같은 주제별로 나열하는 데서 한 걸음 더 나아가, 지금 실제로 답이 필요한 질문 하나에 서로 다른 자료를 배치하면 자신의 글이 시작된다. 초안은 자료의 핵심 세 가지보다 ‘나는 무엇이 궁금하며 무엇을 잠정적으로 믿는가’를 먼저 적는다. 적용 예: 영상 수집이 많아졌는데 왜 다음 행동은 정해지지 않는가.",이는 화자의 글쓰기 철학이다. 모든 글이 문제 해결형일 필요는 없다. 시·기행·관찰 에세이까지 논증 양식으로 강제하지 않는다. 수십 번 고쳐 쓰거나 하루 몇 시간을 써야 성공한다는 처방으로 일반화하지 않는다.,"내가 이 레퍼런스를 저장하게 만든 질문은 무엇이었고, 지금까지 읽은 자료 중 서로 말이 맞지 않는 두 조언은 무엇인가?",sources/youtube/01-growth.md#I5oTw7AJ1Rk
z7r0DIjRGd4,YouTube 영상,[밥 로스] 듣고 있으면 절로 힐링되는 밥 아저씨의 인생 명언들 (한영 자막),Project스노우볼,https://www.youtube.com/watch?v=z7r0DIjRGd4,성장을 위한,실행·지속·회복,자막 기반 요약,"밥 로스는 그림에 실수는 없으며 단지 '즐거운 사고'가 있을 뿐이라고 강조하며, 완벽함보다 과정의 즐거움을 찾으라고 조언합니다. 캔버스 위에서 누리는 절대적인 자유와 행복이 삶을 긍정적으로 변화시키는 원동력이 됨을 보여줍니다.",,없음,,,,sources/youtube/01-growth.md#z7r0DIjRGd4
Zixr-ttMfRc,YouTube 영상,성공하는 사람은 반드시 이 원칙을 지키며 말한다 (원본 조회수: 1520만회),작심만일 : 성공 마인드 동반자,https://www.youtube.com/watch?v=Zixr-ttMfRc,성장을 위한,고객·설득·브랜드 / 가치·관계·삶,자막 기반 요약,"성공하는 리더와 기업은 '무엇을'이 아닌 '왜'라는 본질적인 목적에서 시작하여 사람들의 마음을 움직입니다. 골든 서클 원칙에 따라 안에서 밖으로 소통할 때, 뇌의 의사결정 부위를 자극하여 강력한 행동 변화를 이끌어낼 수 있습니다.",,없음,,,,sources/youtube/01-growth.md#Zixr-ttMfRc
BSGNPHxonKI,YouTube 영상,인생을 바꾸는 아침습관ㅣ동기부여ㅣ한영 자막,잭스파이어 Jackspire,https://www.youtube.com/watch?v=BSGNPHxonKI,성장을 위한,실행·지속·회복,자막 기반 요약,거울 속 자신에게 하이파이브를 하는 간단한 아침 습관이 자기 비판을 멈추고 긍정적인 자아 파트너십을 형성하게 돕습니다. 이는 뇌과학적 원리와 긍정적 연합을 활용하여 하루의 생산성과 자신감을 높이는 강력한 동기부여 방법입니다.,,없음,,,,sources/youtube/01-growth.md#BSGNPHxonKI
J9bpQxB4iOE,YouTube 영상,데드라인이 없어서 일을 미루기만 하는 당신이 지금 봐야하는 영상,돈공-돈버는공식,https://www.youtube.com/watch?v=J9bpQxB4iOE,성장을 위한,실행·지속·회복 / 가치·관계·삶,자막 기반 요약,데드라인이 없는 중요한 일을 미루지 않으려면 실패를 미리 시뮬레이션하는 '사전 검열'과 삶에 대한 강한 주인의식이 필요합니다. 즉각적 보상을 쫓는 본능을 이겨내고 자신의 결정을 경제적 손실이나 주변에 대한 책임감과 연결할 때 비로소 실행력이 생깁니다.,,없음,,,,sources/youtube/01-growth.md#J9bpQxB4iOE
bkJcRq1Pfys,YouTube 영상,우리 모두가 갖고 있는 행복 치트키 - 게리 바이너척,게리 바이너척 Gary Vaynerchuk Korean,https://www.youtube.com/watch?v=bkJcRq1Pfys,"성장을 위한 / 인생수업, 위기의 때",실행·지속·회복 / 가치·관계·삶,자막 기반 요약,게리 바이너척은 인간으로 태어난 것 자체가 희박한 확률의 기적임을 강조하며 관점의 전환을 촉구합니다. 사소한 불평 대신 이미 가진 것에 감사하는 태도가 진정한 행복과 성공의 열쇠라고 조언합니다.,,없음,,,,sources/youtube/01-growth.md#bkJcRq1Pfys
Uuq4OME-7-M,YouTube 영상,인생을 성공으로 이끄는 ‘5초 법칙’ㅣ멜 로빈스 동기부여ㅣ한영 자막,잭스파이어 Jackspire,https://www.youtube.com/watch?v=Uuq4OME-7-M,성장을 위한,학습·생각·글쓰기 / 실행·지속·회복,영상 직접 분석,멜 로빈스는 뇌의 방어 기제를 극복하고 행동을 이끌어내는 '5초 법칙'을 설명합니다. 무언가를 해야 할 때 5초 안에 숫자를 거꾸로 세고 즉시 움직이면 망설임을 끊고 실행력을 높일 수 있습니다.,,없음,,,,sources/youtube/01-growth.md#Uuq4OME-7-M
3EtsD-ZMtOw,YouTube 영상,50조 부자의 인터뷰 - 성공적인 인생과 비즈니스를 위한 5가지 조언 | 동기부여학과,동기부여학과,https://www.youtube.com/watch?v=3EtsD-ZMtOw,성장을 위한,고객·설득·브랜드 / 실행·지속·회복 / 가치·관계·삶,자막 기반 요약,"성공한 사람들은 목표를 위해 기꺼이 대가를 지불하며, 자신의 한계를 규정하지 않고 거대한 꿈을 시각화합니다. 후회 없는 삶을 위해 높은 수준의 사람들과 어울리고, 자신의 사명을 바탕으로 가치를 창출하는 태도가 중요하다고 강조합니다.",,없음,,,,sources/youtube/01-growth.md#3EtsD-ZMtOw
nFBoJ5SKe2s,YouTube 영상,두려움에서 나오세요 - 당신을 다시 깨우는 영상 | 댄 페냐 | 한영자막,제임스비디오 James video,https://www.youtube.com/watch?v=nFBoJ5SKe2s,성장을 위한,고객·설득·브랜드 / 실행·지속·회복,자막 기반 요약,댄 페냐는 두려움 때문에 기회를 놓치고 준비만 하며 시간을 낭비하는 태도를 강하게 비판합니다. 실패에 대한 공포를 극복하고 즉시 행동에 나설 때 비로소 한계 없는 성취와 부를 거둘 수 있다고 강조합니다.,,없음,,,,sources/youtube/01-growth.md#nFBoJ5SKe2s
7X-BOvSaQBw,YouTube 영상,당신의 인생을 180도 바꿀 수 있는 30분 마인드셋 | 동기부여학과,동기부여학과,https://www.youtube.com/watch?v=7X-BOvSaQBw,성장을 위한,학습·생각·글쓰기 / 실행·지속·회복,자막 기반 요약,부자가 되기 위해서는 자산과 부채의 차이를 명확히 알고 학교에서 가르치지 않는 금융 지식을 스스로 학습해야 합니다. 리스크를 두려워하기보다 타인의 문제를 해결하는 가치 창출에 집중할 때 진정한 경제적 자유를 얻을 수 있습니다.,,없음,,,,sources/youtube/01-growth.md#7X-BOvSaQBw
dGJya2dpjko,YouTube 영상,[닐 디그래스 타이슨] 아는 것과 생각해 내는 힘의 차이 (한영 자막),Project스노우볼,https://www.youtube.com/watch?v=dGJya2dpjko,성장을 위한,학습·생각·글쓰기,자막 기반 요약,"닐 디그래스 타이슨은 단순히 정답을 외우는 것보다 스스로 생각하는 법을 익히는 것이 중요하다고 강조합니다. 그는 졸업을 배움의 끝이 아닌 시작으로 여기며, 기존의 선택지에 의존하지 않는 독창적인 사고력을 기를 것을 권장합니다.",,없음,,,,sources/youtube/01-growth.md#dGJya2dpjko
NyA5y_0RDeU,YouTube 영상,모든 남자들을 위한 41가지 신조,민팍의 마음너머,https://www.youtube.com/watch?v=NyA5y_0RDeU,성장을 위한,실행·지속·회복 / 가치·관계·삶,자막 기반 요약,"남성이 능력 있고 유덕한 존재로 거듭나기 위해 지켜야 할 41가지의 신성한 의무와 신조를 소개합니다. 화자는 가족 보호, 자기 절제, 형제애를 통해 자신과 주변에 긍정적인 영향을 미치는 남성적 탁월함을 강조합니다.",,없음,,,,sources/youtube/01-growth.md#NyA5y_0RDeU
v14CZir0ufs,YouTube 영상,"2,400만 유튜버가 말하는 꿈처럼 사는 법",민팍의 마음너머,https://www.youtube.com/watch?v=v14CZir0ufs,성장을 위한,학습·생각·글쓰기 / 실행·지속·회복,자막 기반 요약,화자는 자신의 목표를 말로 내뱉고 기록하는 시각화와 확언의 힘이 인생을 바꾼다고 강조합니다. 불가능해 보이던 나이키 모델 발탁 등의 꿈을 구체적인 기록과 실행을 통해 현실로 만들어낸 경험을 공유합니다.,,없음,,,,sources/youtube/01-growth.md#v14CZir0ufs
Z4pXqX5Dsrc,YouTube 영상,당신이 원하는 것은 다 얻을 수 있다. 하지만..?,민팍의 마음너머,https://www.youtube.com/watch?v=Z4pXqX5Dsrc,성장을 위한,학습·생각·글쓰기 / 고객·설득·브랜드 / 실행·지속·회복,자막 기반 요약,"인생에서 원하는 대부분을 얻을 수 있지만, 예상보다 1~2년 혹은 그 이상의 긴 시간이 필요하며 인내심이 핵심입니다. 진정한 부는 단기간에 이루어지지 않으므로, 타인의 실수를 통해 배우고 멘토를 직접 관찰하며 기초를 다져야 합니다.",,없음,,,,sources/youtube/01-growth.md#Z4pXqX5Dsrc
C87fr5Q12aY,YouTube 영상,"4000만 열광한 공부법 “적게 공부하고, 영리하게 공부하라“",잭스파이어 Jackspire,https://www.youtube.com/watch?v=C87fr5Q12aY,"성장을 위한 / 학습, 배움",학습·생각·글쓰기 / 별도 확인·배경,자막 기반 요약,효율적인 공부는 단순히 시간을 많이 투자하는 것이 아니라 뇌의 집중력을 유지하고 개념을 깊이 이해하는 전략에 달려 있습니다. 30분 공부 후 짧은 휴식을 취하고 충분한 수면을 통해 학습 내용을 장기 기억으로 전환하는 것이 핵심입니다.,,없음,,,,sources/youtube/01-growth.md#C87fr5Q12aY
iB2AFvw8sBw,YouTube 영상,"드디어 공개, 조던피터슨 공부법",민팍의 마음너머,https://www.youtube.com/watch?v=iB2AFvw8sBw,성장을 위한,학습·생각·글쓰기 / 실행·지속·회복,자막 기반 요약,조던 피터슨은 학기 초에 전체 일정을 계획하고 전략적으로 시간을 관리하는 것이 학업 성취에 필수적이라고 강조합니다. 특히 벼락치기 대신 분산 학습과 책을 덮고 내용을 요약하는 인출 연습을 통해 기억력을 극대화할 것을 권장합니다.,,없음,,,,sources/youtube/01-growth.md#iB2AFvw8sBw
rKhI2xoQH8U,YouTube 영상,부자들만 아는 당신도 모르게 노예가 된 이유 | 동기부여,민팍의 마음너머,https://www.youtube.com/watch?v=rKhI2xoQH8U,성장을 위한,학습·생각·글쓰기 / 고객·설득·브랜드,자막 기반 요약,현대 교육은 지식을 조직하고 활용하는 법 대신 순응하는 노동자를 양성하는 데 머물러 있습니다. 진정한 교육은 자신의 정신적 능력을 개발하여 타인의 권리를 침해하지 않고 원하는 삶을 쟁취하는 법을 배우는 것입니다.,,없음,,,,sources/youtube/01-growth.md#rKhI2xoQH8U
ph4wfrlhwlQ,YouTube 영상,성공을 위해 반드시 마스터해야 할 7가지 요소 l 브라이언 트레이시 Brian Tracy,동기부여학과,https://www.youtube.com/watch?v=ph4wfrlhwlQ,성장을 위한,학습·생각·글쓰기 / 고객·설득·브랜드 / 실행·지속·회복,자막 기반 요약,"브라이언 트레이시는 성공을 위해 명확한 목표 설정과 핵심 능력 배양, 그리고 끝까지 완수하는 집중력이 필수적이라고 강조합니다. 지속적인 학습과 포기하지 않는 용기를 통해 누구나 자신의 분야에서 상위 10%의 성공을 거둘 수 있다고 조언합니다.",,없음,,,,sources/youtube/01-growth.md#ph4wfrlhwlQ
RKdLHF9sj3w,YouTube 영상,종이 한 장으로 400억 부자가 되는 법 | 브라이언 트레이시,민팍의 마음너머,https://www.youtube.com/watch?v=RKdLHF9sj3w,성장을 위한,학습·생각·글쓰기 / 고객·설득·브랜드 / 실행·지속·회복,자막 기반 요약,브라이언 트레이시는 성공을 위해 명확한 목표 설정과 그에 따른 대가를 치를 결단력이 필수적이라고 강조합니다. 종이 한 장에 10가지 목표를 적고 가장 중요한 하나에 집중하여 매일 실천하는 것이 부의 비결입니다.,,없음,,,,sources/youtube/01-growth.md#RKdLHF9sj3w
hehPTOmn6vE,YouTube 영상,해외에서 난리난 공부법 (드디어 번역),민팍의 마음너머,https://www.youtube.com/watch?v=hehPTOmn6vE,"성장을 위한 / 학습, 배움 / 인생수업, 위기의 때",학습·생각·글쓰기 / 실행·지속·회복,자막 기반 요약,효율적인 공부를 위해서는 25~30분 집중 후 짧은 휴식을 취하며 뇌를 재충전하는 것이 필수적입니다. 단순히 읽는 것에 그치지 않고 자신의 언어로 설명하거나 타인을 가르치는 능동적 학습법을 실천해야 학습 내용이 장기 기억으로 전환됩니다.,,없음,,,,sources/youtube/01-growth.md#hehPTOmn6vE
Ki5IMN632KU,YouTube 영상,가난의 자장을 만드는 '이것'부터 비우면 인생이 확실히 달라집니다.,KELLY CHOI,https://www.youtube.com/watch?v=Ki5IMN632KU,성장을 위한,실행·지속·회복,자막 기반 요약,"주변 환경의 정돈 상태가 개인의 에너지와 부의 흐름을 결정하며, 청소는 단순한 가사 노동이 아닌 운명을 바꾸는 강력한 힘입니다. 어지러운 공간을 비우고 정돈함으로써 내면의 질서를 회복하고 성공을 위한 플러스 자장을 형성할 수 있습니다.",,없음,,,,sources/youtube/01-growth.md#Ki5IMN632KU
zqonx8Ea-S4,YouTube 영상,꼭 알아야 할 긍정보다 70배 강력한 힘 | 트레버 모아와드,민팍의 마음너머,https://www.youtube.com/watch?v=zqonx8Ea-S4,성장을 위한,실행·지속·회복 / 가치·관계·삶,영상 직접 분석,부정적인 생각보다 이를 밖으로 내뱉는 말이 훨씬 강력한 파괴력을 가집니다. 성공을 위해서는 긍정적인 확언보다 부정적인 말을 멈추고 행동에 집중하는 것이 중요합니다.,,없음,,,,sources/youtube/01-growth.md#zqonx8Ea-S4
sfxHiQebtH4,YouTube 영상,"""뇌가 싹 맑아집니다."" 스웨덴인이 유독 똑똑한 이유 (김익한 교수 3부)",지식인사이드,https://www.youtube.com/watch?v=sfxHiQebtH4,성장을 위한,학습·생각·글쓰기 / 실행·지속·회복,자막 기반 요약,"김익한 교수는 훑어보기, 토론, 정독으로 구성된 스웨덴식 독서법과 뇌의 인지 능력을 극대화하는 기술을 소개합니다. 눈 운동 독서와 생각의 이음을 통해 읽기 속도를 높이고, 기억에 의존한 메모로 지식을 체득할 것을 권장합니다.",,없음,,,,sources/youtube/01-growth.md#sfxHiQebtH4
1mSTAGRCtXE,YouTube 영상,젠틀몬스터 김한국 대표 강연,opencore AI,https://www.youtube.com/watch?v=1mSTAGRCtXE,성장을 위한,고객·설득·브랜드 / 실행·지속·회복 / 가치·관계·삶,자막 기반 요약,"젠틀몬스터 김한국 대표는 평범한 사람이 성공하기 위해 자신만의 '설렘'을 찾고 극한의 몰입을 실천해야 한다고 강조합니다. 그는 독서와 직장 생활에서의 처절한 노력을 바탕으로, 남과 다른 차별성이 결국 경제적 성공의 선순환을 만든다는 철학을 전합니다.",,없음,,,,sources/youtube/01-growth.md#1mSTAGRCtXE
RnrZJOHY9tY,YouTube 영상,시대가 변해도 절대 바뀌지 않는 5가지 핵심능력  | 동기부여학과,동기부여학과,https://www.youtube.com/watch?v=RnrZJOHY9tY,"성장을 위한 / 인생수업, 위기의 때",학습·생각·글쓰기 / 제품·창업·AI / 실행·지속·회복,자막 기반 요약,"디지털 기술이 급변하는 시대에도 인간의 탁월함은 기술적 숙련도가 아닌 내면의 고유한 역량에서 비롯됩니다. 우선순위 설정, 끈기, 자기성찰, 유연성, 아이디어 결합이라는 다섯 가지 핵심 능력을 갖출 때 대체 불가능한 경쟁력을 확보할 수 있습니다.",,없음,,,,sources/youtube/01-growth.md#RnrZJOHY9tY
HqvqIknMFKI,YouTube 영상,"90년간의 깨달음, 성공비밀 5가지 - 경영의신 이나모리 가즈오, 왜 리더인가? [도서 협찬] | 동기부여학과",동기부여학과,https://www.youtube.com/watch?v=HqvqIknMFKI,성장을 위한,고객·설득·브랜드 / 실행·지속·회복 / 가치·관계·삶,자막 기반 요약,이나모리 가즈오는 성공의 본질이 외적인 성격이 아닌 뿌리 깊은 마음가짐과 이타적인 동기에 있다고 강조합니다. 그는 조직의 철학을 공유하고 고난을 긍정적으로 수용하며 행운 앞에서는 겸손할 때 지속 가능한 성장이 가능하다고 조언합니다.,,없음,,,,sources/youtube/01-growth.md#HqvqIknMFKI
UblIF5Utawg,YouTube 영상,백수에서 월 1억을 벌기까지 (29살),민팍의 마음너머,https://www.youtube.com/watch?v=UblIF5Utawg,"성장을 위한 / 인생수업, 위기의 때",고객·설득·브랜드 / 실행·지속·회복,자막 기반 요약,"전교 꼴찌 수준의 성적과 빚더미라는 역경을 딛고, 자신의 열정을 담은 콘텐츠로 월 1억 원의 수익을 달성한 민팍의 성장기를 다룹니다. 돈을 쫓는 대신 내면의 철학을 분출할 수 있는 분야에 몰입할 때 비로소 폭발적인 성취와 경제적 자유가 찾아온다고 강조합니다.",,없음,,,,sources/youtube/01-growth.md#UblIF5Utawg
7WwS0OET-HQ,YouTube 영상,"게리 바이너척, ""개소리를 다 무시하는 것이 최고의 성공 요인"" |  7가지 성공비밀",민팍의 마음너머,https://www.youtube.com/watch?v=7WwS0OET-HQ,성장을 위한,고객·설득·브랜드 / 실행·지속·회복 / 가치·관계·삶,자막 기반 요약,게리 바이너척은 타인의 판단에 흔들리지 않는 단단한 자아와 즉각적인 실행력이 성공과 행복의 핵심이라고 강조합니다. 그는 고객의 니즈를 경청하고 진심 어린 가치를 제공하는 것이 비즈니스 성장의 본질임을 자신의 경험을 통해 역설합니다.,,없음,,,,sources/youtube/01-growth.md#7WwS0OET-HQ
VK9WKcoqMyY,YouTube 영상,백만장자들의 효율성 증가 4가지 방법,민팍의 마음너머,https://www.youtube.com/watch?v=VK9WKcoqMyY,성장을 위한,고객·설득·브랜드 / 실행·지속·회복 / 가치·관계·삶,자막 기반 요약,생산성을 극대화하기 위해 업무 시작 직후 가장 중요한 일에 집중하고 외부 방해를 완벽히 차단하는 환경을 구축해야 합니다. 또한 주변 인물을 엄선하고 소수의 핵심 목표에만 에너지를 쏟는 미니멀리즘적 태도가 성공의 핵심입니다.,,없음,,,,sources/youtube/01-growth.md#VK9WKcoqMyY
tGXQ5b5yRaM,YouTube 영상,조던 피터슨 | 당신이 먹을 독을 선택하세요,조던 피터슨 한국 공식 채널,https://www.youtube.com/watch?v=tGXQ5b5yRaM,"성장을 위한 / 인생수업, 위기의 때",실행·지속·회복,자막 기반 요약,"조던 피터슨은 가치 체계가 없는 사람들이 즉각적인 쾌락에 탐닉하는 이유를 정체성 부재와 책임 회피로 설명합니다. 장기적 관점을 유지하는 삶은 복잡하고 무겁기에, 사람들은 때로 알코올 등을 통해 그 무게를 잊으려 합니다.",,없음,,,,sources/youtube/01-growth.md#tGXQ5b5yRaM
qO1tof4ORs0,YouTube 영상,"저는 부자들의 ""이것""을 보고 돈을 더 벌기 시작했습니다(前신사임당 주언규)",꿈나무의 100억 부자 챌린지,https://www.youtube.com/watch?v=qO1tof4ORs0,성장을 위한,학습·생각·글쓰기 / 고객·설득·브랜드 / 실행·지속·회복,자막 기반 요약,"주언규 작가는 부자가 되기 위해 한 가지 분야에 몰입하는 시간 확보와 철저한 계획의 중요성을 강조합니다. 그는 자신만의 관점인 '앵커'를 정립하여 세상의 기회를 포착하고, 운과 실력의 영역을 구분해 실행력을 높일 것을 조언합니다.",,없음,,,,sources/youtube/01-growth.md#qO1tof4ORs0
9d5GWZyTtXE,YouTube 영상,"""경이롭다"" 무료 AI 웹사이트 BEST 5",페이퍼로지,https://www.youtube.com/watch?v=9d5GWZyTtXE,성장을 위한,고객·설득·브랜드 / 제품·창업·AI,자막 기반 요약,이 영상은 복잡한 가입 없이 즉시 사용 가능한 유용한 무료 AI 웹사이트 5가지를 소개합니다. 흑백 사진 채색부터 브랜드 네이밍까지 실무와 일상에서 활용도가 높은 도구들의 특징을 설명합니다.,,없음,,,,sources/youtube/01-growth.md#9d5GWZyTtXE
tkHvxLwLx3M,YouTube 영상,"[스티브 잡스] A급 인재와 B급, C급 직원의 차이 (한영 자막)",Project스노우볼,https://www.youtube.com/watch?v=tkHvxLwLx3M,성장을 위한,고객·설득·브랜드 / 실행·지속·회복 / 가치·관계·삶,자막 기반 요약,"스티브 잡스는 소프트웨어 분야에서 최고와 평균의 성과 차이가 50~100배에 달하기 때문에 타협 없는 인재 채용이 중요하다고 강조합니다. A급 인재들은 스스로를 관리하며 공동의 비전을 향해 나아가고, 서로 자극을 주고받으며 조직의 수준을 유지합니다.",,없음,,,,sources/youtube/01-growth.md#tkHvxLwLx3M
eZF3GwAArC0,YouTube 영상,자수성가한 해외 억만장자 12인에게 직접 듣는 성공의 비결 (한영 자막),Project스노우볼,https://www.youtube.com/watch?v=eZF3GwAArC0,성장을 위한,학습·생각·글쓰기 / 고객·설득·브랜드 / 실행·지속·회복,자막 기반 요약,"세계적인 억만장자들은 성공의 핵심 비결로 자신이 진정으로 열정을 느끼는 일을 찾아 끈기 있게 실행할 것을 강조합니다. 이들은 방대한 독서와 지독한 노력, 그리고 실패를 두려워하지 않는 도전 정신이 불가능해 보이는 꿈을 현실로 만든다고 조언합니다.",,없음,,,,sources/youtube/01-growth.md#eZF3GwAArC0
oYEvR8OUX28,YouTube 영상,우리가 몰랐던 트럼프의 따뜻한 성공조언,오너의 그릇,https://www.youtube.com/watch?v=oYEvR8OUX28,"성장을 위한 / 인생수업, 위기의 때",고객·설득·브랜드 / 실행·지속·회복,자막 기반 요약,도널드 트럼프는 성공을 위해 열정을 느끼는 일을 찾고 그 과정에서 발생하는 '모멘텀'을 유지하는 것이 핵심이라고 강조합니다. 그는 윌리엄 레빗의 사례를 통해 한 번 멈춘 성공의 흐름을 다시 되돌리는 것이 얼마나 어려운지 경고합니다.,,없음,,,,sources/youtube/01-growth.md#oYEvR8OUX28
BPAT2nq3_lQ,YouTube 영상,뇌를 어떻게 성공 머신으로 만들까?,민팍의 마음너머,https://www.youtube.com/watch?v=BPAT2nq3_lQ,성장을 위한,학습·생각·글쓰기 / 실행·지속·회복,자막 기반 요약,"인간은 하루 7만 5천 개의 생각 중 91%를 반복하며 살아가므로, 변화를 위해서는 나머지 9%의 가변적 생각을 통제해야 합니다. 목표를 시각화하고 반복적으로 주입하여 뇌의 망상활성계(RAS)를 성공에 유리한 필터로 재설정하는 것이 핵심입니다.",,없음,,,,sources/youtube/01-growth.md#BPAT2nq3_lQ
MhjuZRr5vBY,YouTube 영상,책 읽으면 성공한다는 말만 믿고 1년 동안 자기계발서 143권을 읽었더니...,타임프리,https://www.youtube.com/watch?v=MhjuZRr5vBY,성장을 위한,학습·생각·글쓰기 / 실행·지속·회복,자막 기반 요약,"1년 동안 143권의 자기계발서를 읽었음에도 큰 변화를 얻지 못한 화자는 독서 방법의 오류를 지적합니다. 타인의 추천보다 자신의 당면 과제를 해결할 책을 선택하고, 책당 최소 한 가지를 실천하는 것이 성장의 핵심이라고 강조합니다.","타임프리는 143권을 읽은 개인 경험을 돌아보며 당면 문제에 맞는 책을 먼저 고르고 한 권에서 한 가지를 실천하는 방식을 제안한다. 4:30–4:44에는 당장 쓸모없는 책은 필요 없다는 뜻이 아니며, 당장의 변화를 원할 때 우선순위를 말하는 것이라고 직접 한정한다.",자막·캡션 구간 직접 대조,현재 자료함은 읽을거리가 풍부하다는 의미가 있지만 활용 성과까지 말해 주지는 않는다. ‘저장/읽음’과 별도로 ‘시험해 봄/글에 사용함/관점이 바뀜’을 기록하면 자료의 효용을 자신의 경험으로 평가할 수 있다. 모든 자료에 행동을 붙일 필요는 없고 실용 목적의 자료부터 시작한다.,교양·즐거움·장기 탐구용 독서는 즉시 행동으로 환산하지 않아도 된다. 저자의 실패·성공 자기보고를 일반적인 인과 증명으로 쓰지 않는다. 143이라는 숫자는 화자가 보고한 독서량이다.,"최근 저장한 열 개 중 내 행동이나 문장을 바꾼 자료는 어느 것이며, 나머지는 언제 다시 필요할까?",sources/youtube/01-growth.md#MhjuZRr5vBY
uPJiDgcjLd4,YouTube 영상,내일부터는 없다. 지금 당장 절실하게 시작하라 | 동기부여 영상,커넥트더닷 : Connect the Dots,https://www.youtube.com/watch?v=uPJiDgcjLd4,성장을 위한,실행·지속·회복 / 가치·관계·삶,자막 기반 요약,타인이 정한 한계에 굴복하지 말고 자신의 가치를 증명하기 위해 지금 당장 행동해야 합니다. 대다수가 중도 포기하는 세상에서 끝까지 해내는 것만으로도 상위 10%의 경쟁력을 갖출 수 있습니다.,,없음,,,,sources/youtube/01-growth.md#uPJiDgcjLd4
c2nFwHDJVio,YouTube 영상,지금 당장 갖다 버려야 할 미국 하위 50%의 가난한 12가지 생활 습관ㅣ알렉스 홀모지ㅣ동기부여학과,동기부여학과,https://www.youtube.com/watch?v=c2nFwHDJVio,성장을 위한,고객·설득·브랜드 / 실행·지속·회복,자막 기반 요약,"알렉스 홀모지는 부자처럼 보이려는 허례허식을 버리고 시장이 원하는 핵심 가치에 집중할 것을 강조합니다. 가난을 유지하는 12가지 습관을 반면교사 삼아, 남들의 시선보다 실행과 인내를 우선시하는 태도가 성공의 열쇠라고 조언합니다.",,없음,,,,sources/youtube/01-growth.md#c2nFwHDJVio
8XN63NlWwUA,YouTube 영상,하루의 시작을 완전히 바꿔 줄 초대형 억만장자 부자 3명에게 듣는 고밀도 인생조언 7가지ㅣ폴 오팔라ㅣ브라이언 스미스ㅣ앤드류 비터비 | 동기부여학과,동기부여학과,https://www.youtube.com/watch?v=8XN63NlWwUA,성장을 위한,고객·설득·브랜드 / 실행·지속·회복 / 가치·관계·삶,자막 기반 요약,"킨코스, 어그, 퀄컴의 창립자들은 진정한 성공이 부의 축적을 넘어 직관을 따르는 사업적 본질과 가족과의 유대감에 있다고 강조합니다. 이들은 복잡한 이론보다 고객의 니즈를 파악하는 단순함과 각 연령대에 맞는 삶의 태도가 중요함을 조언합니다.",,없음,,,,sources/youtube/01-growth.md#8XN63NlWwUA
S8255fBMrCQ,YouTube 영상,알아두면 무조건 성공하는 7가지 부자의 기술ㅣ패드릭 뱃 데이비드(Patrick Bet-David)ㅣ동기부여학과ㅣ부자 마인드 습관 성공 조언,동기부여학과,https://www.youtube.com/watch?v=S8255fBMrCQ,성장을 위한,고객·설득·브랜드 / 실행·지속·회복 / 가치·관계·삶,자막 기반 요약,"패트릭 벳 데이비드는 백만장자가 되기 위해 마스터해야 할 설득, 부의 분배, 레버리지 등 7가지 핵심 기술을 제시합니다. 성공은 개인의 역량을 넘어 타인과 협력하고 에너지를 효율적으로 관리하는 시스템 구축에 달려 있다고 강조합니다.",,없음,,,,sources/youtube/01-growth.md#S8255fBMrCQ
5BX7dfoQY1k,YouTube 영상,무의식을 활용해 호감 사는 법,EBS,https://www.youtube.com/watch?v=5BX7dfoQY1k,성장을 위한,실행·지속·회복 / 가치·관계·삶,자막 기반 요약,상대방에게 따뜻한 음료를 건네거나 몸짓을 따라 하는 무의식적 자극을 통해 호감을 얻을 수 있습니다. 또한 중요한 결정을 내릴 때는 정보를 정리한 뒤 무의식이 작용할 시간을 주어야 더 나은 선택이 가능합니다.,,없음,,,,sources/youtube/01-growth.md#5BX7dfoQY1k
JhUbuiPzyTw,YouTube 영상,1000억대 부자가 가난을 벗어나기위해 포기해야 했던 루틴 3가지 - 알렉스 홀모지(Alex Hormizi )| 동기부여학과,동기부여학과,https://www.youtube.com/watch?v=JhUbuiPzyTw,성장을 위한,고객·설득·브랜드 / 실행·지속·회복,자막 기반 요약,알렉스 홀모지는 성공을 위해 새로운 습관을 추가하기보다 불필요한 일을 제거하는 '안티 루틴'을 실천하라고 조언합니다. 그는 외부 소통을 단절하고 방해 없는 몰입 시간을 확보함으로써 우선순위에 집중하는 것이 파산에서 벗어나는 핵심이었다고 강조합니다.,,없음,,,,sources/youtube/01-growth.md#JhUbuiPzyTw
m_Z-ATOg7eM,YouTube 영상,"""혼자 뿌듯해해요."" 일 못하는 사람들의 '치명적인' 착각 3가지 (드로우앤드류 1부)",지식인사이드,https://www.youtube.com/watch?v=m_Z-ATOg7eM,성장을 위한,고객·설득·브랜드 / 실행·지속·회복 / 가치·관계·삶,자막 기반 요약,"일 못하는 사람들은 실패를 두려워해 책임을 회피하고 지름길만 찾지만, 일 잘하는 사람들은 수많은 실패를 통해 자신만의 오답 노트를 쌓으며 성장합니다. 자신의 역할을 완수하는 태도와 타인을 배려하는 협업 능력이 업무 성패를 좌우하는 핵심 요소입니다.",,없음,,,,sources/youtube/01-growth.md#m_Z-ATOg7eM
ewlbNkd2ZoE,YouTube 영상,그동안 제 영상봐주셔서 감사합니다. (S1 E8),드로우앤드류,https://www.youtube.com/watch?v=ewlbNkd2ZoE,성장을 위한,고객·설득·브랜드 / 실행·지속·회복,자막 기반 요약,드로우앤드류는 시즌 1을 마무리하며 실버 버튼 획득 소식과 함께 자기계발의 본질은 나만의 목적을 찾는 것이라고 강조합니다. 타인의 속도에 조급해하기보다 자신이 원하는 삶의 방향을 설정하고 꾸준히 실행할 것을 독려합니다.,,없음,,,,sources/youtube/01-growth.md#ewlbNkd2ZoE
vtyeVfUojz8,YouTube 영상,가장 빠르게 부의 추월차선으로 올라타는 3가지 습관,드로우앤드류,https://www.youtube.com/watch?v=vtyeVfUojz8,성장을 위한,고객·설득·브랜드 / 실행·지속·회복,자막 기반 요약,"드로앤드류는 목표를 종이에 적고 자신만의 직함을 설정하며 필요한 정보를 지속적으로 수집하는 세 가지 습관을 강조합니다. 하기 싫은 일을 먼저 정의함으로써 진정한 목표를 명확히 하고, 스스로의 정체성을 변화시켜 실질적인 성과를 이끌어낼 수 있다고 설명합니다.",,없음,,,,sources/youtube/01-growth.md#vtyeVfUojz8
1WpafI-HmY4,YouTube 영상,워렌버핏과의 식사를 대체하는 영상 | 동기부여,성공비밀 by 민팍,https://www.youtube.com/watch?v=1WpafI-HmY4,성장을 위한,고객·설득·브랜드 / 실행·지속·회복 / 가치·관계·삶,자막 기반 요약,"워렌 버핏은 진정한 성공을 주변 사람들에게 사랑받는 것으로 정의하며, 자신에 대한 투자가 가장 가치 있는 일임을 강조합니다. 그는 높은 지능보다 이성적인 판단력과 올바른 습관 형성이 비즈니스와 인생의 성패를 결정한다고 조언합니다.",,없음,,,,sources/youtube/01-growth.md#1WpafI-HmY4
OpxGLFOzBRE,YouTube 영상,평범한 사람이 12개월 안에 99%보다 앞서 나가는 3 단계,성공한스푼,https://www.youtube.com/watch?v=OpxGLFOzBRE,성장을 위한,학습·생각·글쓰기 / 실행·지속·회복,자막 기반 요약,화자는 12개월 안에 성공하기 위해 원하지 않는 것을 먼저 파악하고 불필요한 자극으로부터 자신을 격리하라고 조언합니다. 또한 지루해 보이는 기본기를 반복하여 숙달함으로써 에너지를 효율적으로 관리하고 목표에 집중할 것을 강조합니다.,,없음,,,,sources/youtube/01-growth.md#OpxGLFOzBRE
yCxpn6_z3Xk,YouTube 영상,[*100% 실화] 누구도 믿지 않았던 '흙수저' 출신인 내가 목표를 다 이뤄낸 이유...,터닝포인트 - 위대한 성공의 시작점,https://www.youtube.com/watch?v=yCxpn6_z3Xk,성장을 위한,별도 확인·배경,내용 미확보,,,없음,,,,sources/youtube/01-growth.md#yCxpn6_z3Xk
FN27nl62SVU,YouTube 영상,부자가 될 20대들이 알아야하는 3가지,민팍의 마음너머,https://www.youtube.com/watch?v=FN27nl62SVU,"성장을 위한 / 학습, 배움",고객·설득·브랜드 / 실행·지속·회복,자막 기반 요약,부자가 되기 위해 20대에는 미래 목표와 연결된 자기 투자를 통해 몸값을 높이고 실패를 두려워하지 않는 태도를 가져야 합니다. 단순히 돈을 아끼는 것보다 수익 창출에 집중하며 돈을 운용할 수 있는 스스로의 역량을 키우는 것이 핵심입니다.,,없음,,,,sources/youtube/01-growth.md#FN27nl62SVU
AADTDGBpkGo,YouTube 영상,월 수익 0원 되고 보니 가장 후회되는 것,주언규 joo earn gyu,https://www.youtube.com/watch?v=AADTDGBpkGo,성장을 위한,고객·설득·브랜드 / 실행·지속·회복,자막 기반 요약,"월 5억 수익의 사업을 폐업하며 깨달은 가장 큰 후회는 돈을 잃은 것이 아니라, 가능성을 현실로 바꾸지 못한 망설임입니다. 실패는 훈장이지만 하지 않은 행동은 평생의 후회로 남으므로, 지금 당장 가능성에 도전하여 후회 없는 삶을 살아야 한다고 강조합니다.",,없음,,,,sources/youtube/01-growth.md#AADTDGBpkGo
osllx6FCe6k,YouTube 영상,용기있게 도전하는 어른이 되는 법,드로우앤드류,https://www.youtube.com/watch?v=osllx6FCe6k,성장을 위한,실행·지속·회복 / 가치·관계·삶,자막 기반 요약,"완벽주의와 실패에 대한 공포는 성장을 가로막는 장애물이므로, 실패를 배움의 과정으로 받아들이는 태도가 중요합니다. 잘못된 선택을 하더라도 다시 시작할 수 있다는 마음가짐을 가질 때 비로소 용기 있게 도전하며 자신을 알아갈 수 있습니다.",,없음,,,,sources/youtube/01-growth.md#osllx6FCe6k
V-LDoWiUvoM,YouTube 영상,'50만'명 지휘하고 깨달은 상위 '0.1%'들의 결정적인 차이 (고성균 장군 1부),지식인사이드,https://www.youtube.com/watch?v=V-LDoWiUvoM,성장을 위한,실행·지속·회복 / 가치·관계·삶,자막 기반 요약,"고성균 장군은 50만 명을 지휘하며 깨달은 상위 0.1% 리더의 핵심 자질로 전문성, 공감, 화합을 제시합니다. 진정한 리더십은 권위가 아닌 솔선수범과 구성원과의 깊은 유대감에서 비롯됨을 강조합니다.",,없음,,,,sources/youtube/01-growth.md#V-LDoWiUvoM
kICh_d6tHQk,YouTube 영상,1 년 넘게 하루에 12 시간 공부 한 방법,James Scholz,https://www.youtube.com/watch?v=kICh_d6tHQk,성장을 위한,학습·생각·글쓰기 / 실행·지속·회복 / 별도 확인·배경,자막 기반 요약,"화자는 1년 넘게 하루 12시간 공부할 수 있었던 비결로 성장 마인드셋과 동기가 아닌 강력한 실행 의지를 강조합니다. 단순한 시간 채우기보다 딥워크를 통한 몰입의 질을 높이고, 건강 관리와 습관 형성을 병행하는 것이 지속 가능한 성장의 핵심이라고 설명합니다.",,없음,,,,sources/youtube/01-growth.md#kICh_d6tHQk
jS-Jk9fT7uQ,YouTube 영상,"레전드 인공지능 과학자가 별세하기전에 남긴 MIT 최고의 강의 ""말을 하는 법""",JASON MEDIA,https://www.youtube.com/watch?v=jS-Jk9fT7uQ,성장을 위한,학습·생각·글쓰기 / 가치·관계·삶,자막 기반 요약,패트릭 윈스턴 교수는 인생의 성공을 결정하는 가장 중요한 요소로 말하기 능력을 꼽으며 청중을 사로잡는 강연 기법을 전수합니다. 그는 단순히 정보를 전달하는 것을 넘어 열정을 보여주고 도구를 활용해 청중의 기억에 남는 소통을 할 것을 강조합니다.,,없음,,,,sources/youtube/01-growth.md#jS-Jk9fT7uQ
3r6hUpSKdHI,YouTube 영상,누구든 1000% 바꿀 뇌 개조법 공유 금지 | 존 아사라프,성공비밀 by 민팍,https://www.youtube.com/watch?v=3r6hUpSKdHI,성장을 위한,학습·생각·글쓰기 / 실행·지속·회복,자막 기반 요약,"존 아사라프는 단순한 관심이 아닌 헌신적인 태도가 목표 달성의 핵심이며, 이를 위해 뇌의 신경 패턴을 재설계해야 한다고 강조합니다. 시각화와 반복적인 자기 암시를 통해 과거의 제한적인 정체성을 버리고 성공에 적합한 새로운 습관을 형성할 수 있습니다.",,없음,,,,sources/youtube/01-growth.md#3r6hUpSKdHI
yA8PsufH-C8,YouTube 영상,대중을 매료시키는 화법의 비밀 | 말을 제대로 잘하는 방법,돈공-돈버는공식,https://www.youtube.com/watch?v=yA8PsufH-C8,성장을 위한,학습·생각·글쓰기 / 가치·관계·삶,자막 기반 요약,"말을 잘하기 위해서는 단순한 기술을 넘어 자기 인식과 탄탄한 논리적 사고가 뒷받침되어야 합니다. 다양한 인물들의 사례를 통해 거울 연습, 시각화, 호흡 조절 등 구체적인 훈련법을 실천함으로써 대중을 매료시키는 화법을 완성할 수 있습니다.",,없음,,,,sources/youtube/01-growth.md#yA8PsufH-C8
zH4E-NWJVPo,YouTube 영상,소심한 사람의 인생이 망가지는 과정,주언규 joo earn gyu,https://www.youtube.com/watch?v=zH4E-NWJVPo,성장을 위한,고객·설득·브랜드 / 실행·지속·회복 / 가치·관계·삶,영상 직접 분석,성공의 원인을 잘못 분석하여 불필요한 징크스를 쌓는 것이 인생과 조직의 효율을 저해한다고 경고합니다. 합리적인 의심을 통해 무의미한 과정을 제거하고 본질적인 시간 단축과 품질 향상에 집중할 것을 제안합니다.,,없음,,,,sources/youtube/01-growth.md#zH4E-NWJVPo
0wgJxFiJL2c,YouTube 영상,이것만 하지 않아도 성공했을텐데...,주언규 joo earn gyu,https://www.youtube.com/watch?v=0wgJxFiJL2c,성장을 위한,고객·설득·브랜드 / 실행·지속·회복,자막 기반 요약,"사업 실패의 주요 원인은 남 탓을 하는 습관과 감당할 수 없는 규모의 무리한 투자에 있습니다. 모든 책임을 스스로 지는 태도를 갖추고, 망해도 다시 일어설 수 있는 작은 규모의 시도를 반복하는 것이 성공의 핵심입니다.",,없음,,,,sources/youtube/01-growth.md#0wgJxFiJL2c
y00tvum7g1I,YouTube 영상,인생을 바꾸는 법 - 한 걸음씩 나아가기,한눈에 보는 세상 – Kurzgesagt,https://www.youtube.com/watch?v=y00tvum7g1I,성장을 위한,학습·생각·글쓰기 / 실행·지속·회복 / 별도 확인·배경,자막 기반 요약,"변화는 뇌 속 정글에 새로운 고속도로를 만드는 과정이며, 거창한 목표보다 작고 구체적인 루틴을 반복하여 습관으로 정착시키는 것이 핵심입니다. 분석적인 설계자가 계획한 루틴을 환경적 트리거와 결합해 아이 같은 뇌가 자동으로 수행하게 함으로써 지속 가능한 변화를 이끌어낼 수 있습니다.",,없음,,,,sources/youtube/01-growth.md#y00tvum7g1I
XqMvQSr7Px8,YouTube 영상,대부분의 사람들이 이걸 몰라서 부자가 되지 못해요 | 되더라 - 현우진 | 공부자극 | 동기부여,오늘의글,https://www.youtube.com/watch?v=XqMvQSr7Px8,성장을 위한,학습·생각·글쓰기 / 실행·지속·회복,자막 기반 요약,"현우진 강사는 사고의 전환을 위해 계기와 경험, 타인의 도움이 필수적임을 강조하며 자신의 성적 향상 사례를 공유합니다. 단순 암기를 넘어 독서를 통한 문해력과 사고력 증진이 실질적인 실력과 성공의 밑거름이 된다고 조언합니다.",,없음,,,,sources/youtube/01-growth.md#XqMvQSr7Px8
720t8HBjWns,YouTube 영상,한계에 부딪쳤을 때 당신에게 필요한 동기부여 영상 | 한영 자막,제임스비디오 James video,https://www.youtube.com/watch?v=720t8HBjWns,"성장을 위한 / 인생수업, 위기의 때",실행·지속·회복 / 가치·관계·삶,자막 기반 요약,레스 브라운은 수많은 거절 속에서도 포기하지 않고 라디오 DJ라는 꿈을 쟁취한 자신의 일화를 통해 강력한 동기부여를 전달합니다. 그는 성공을 위해선 어떤 역경에도 굴하지 않는 '갈망'과 기회가 왔을 때 바로 잡을 수 있는 철저한 준비가 필요하다고 강조합니다.,,없음,,,,sources/youtube/01-growth.md#720t8HBjWns
MazwNckdQ-8,YouTube 영상,"매출 720억을 만들어준, 일반인을 억대 연봉으로 만들어준 독서법 비밀 최종 공개, 독서법종결, 한번만 따라하면 평생 써먹습니다 [노아AI현대표]",자본운동가,https://www.youtube.com/watch?v=MazwNckdQ-8,성장을 위한,학습·생각·글쓰기 / 실행·지속·회복,자막 기반 요약,"현승원 대표는 독서의 양보다 책의 내용을 실제 삶으로 살아내는 실행력을 강조하며 4단계 반복 독서법을 제안합니다. 형광펜, 밑줄, 필기 노트를 활용해 핵심 지혜를 체득하고 수시로 점검함으로써 인생의 실질적인 변화를 이끌어낼 수 있습니다.",,없음,,,,sources/youtube/01-growth.md#MazwNckdQ-8
b8b2bUnH_NI,YouTube 영상,재능없이 평범한 사람이 성공하는 5단계 전략,드로우앤드류,https://www.youtube.com/watch?v=b8b2bUnH_NI,성장을 위한,고객·설득·브랜드 / 실행·지속·회복,자막 기반 요약,"평범한 사람이 성공하려면 자신의 핑계를 자기 객관화의 도구로 삼아 비슷한 조건에서 성공한 '돌연변이'를 찾아야 합니다. 운과 실력의 영역을 명확히 구분하여 실력은 훈련으로 강화하고, 운은 시도 횟수를 늘려 성공 확률을 높이는 전략이 필요합니다.",,없음,,,,sources/youtube/01-growth.md#b8b2bUnH_NI
bbOsoEEQMsM,YouTube 영상,세계 최고 두뇌 과학자가 찾은 90%가 성공하는 목표설정법,터닝포인트 - 위대한 성공의 시작점,https://www.youtube.com/watch?v=bbOsoEEQMsM,"성장을 위한 / 학습, 배움",학습·생각·글쓰기 / 실행·지속·회복 / 별도 확인·배경,자막 기반 요약,앤드류 후보만 교수는 뇌과학적 원리를 활용해 성취율을 높이는 방법으로 단 하나의 도전적인 목표에 집중할 것을 강조합니다. 목표를 구체적인 동사형 문장으로 기록하고 12주 단위로 실행하면 뇌의 신경 회로가 변화하여 목표 달성이 습관화된다고 설명합니다.,,없음,,,,sources/youtube/01-growth.md#bbOsoEEQMsM
0S3IUndOqT4,YouTube 영상,미국 네이비 씰도 배우는 스트레스 관리법 (지나영 교수 3부),지식인사이드,https://www.youtube.com/watch?v=0S3IUndOqT4,성장을 위한,실행·지속·회복 / 별도 확인·배경,자막 기반 요약,만성 스트레스 사회에서 남을 따라 하려는 강박을 버리고 자신만의 우선순위를 정하는 '조모(JOMO)'의 태도가 필요합니다. 네이비 씰도 사용하는 박스 호흡법을 통해 신체 스트레스 반응을 즉각 낮추고 현명한 판단력을 회복할 수 있습니다.,,없음,,,,sources/youtube/01-growth.md#0S3IUndOqT4
'-tqTeTa5XS8,YouTube 영상,왜 우리는 큰 꿈을 꾸지 않을까? 못하는 걸까?,드로우앤드류,https://www.youtube.com/watch?v=-tqTeTa5XS8,성장을 위한,실행·지속·회복 / 가치·관계·삶,자막 기반 요약,출연자들은 각자의 결핍과 환경 속에서 꿈을 정의하고 실현해 나가는 다양한 경험과 가치관을 공유합니다. 큰 목표를 설정하는 것만큼이나 현재의 행복을 유지하며 자신만의 페이스로 지속하는 태도가 중요함을 강조합니다.,,없음,,,,sources/youtube/01-growth.md#-tqTeTa5XS8
IsgbHSYRYts,YouTube 영상,인간의 어리석음에 대한 학습 by 버핏 & 멍거 (12 버크셔),몽뮤,https://www.youtube.com/watch?v=IsgbHSYRYts,성장을 위한,학습·생각·글쓰기 / 고객·설득·브랜드,자막 기반 요약,워런 버핏과 찰리 멍거는 타인의 실수와 금융적 어리석음을 연구하는 것이 성공의 핵심이라고 강조합니다. 이들은 인간 행동에 대한 깊은 이해가 높은 지능보다 투자에서 더 큰 우위를 제공한다고 설명합니다.,,없음,,,,sources/youtube/01-growth.md#IsgbHSYRYts
8eGDJNBzysM,YouTube 영상,[원본풀영상] 책에 차마 쓰지 못한 사장학개론 | 김승호의 북콘서트,스노우폭스북스,https://www.youtube.com/watch?v=8eGDJNBzysM,성장을 위한,고객·설득·브랜드 / 실행·지속·회복,자막 기반 요약,"김승호 회장은 성공적인 경영과 주체적인 삶을 위해 자신을 먼저 변화시키고 끈기 있게 도전할 것을 강조합니다. 타인의 시선보다 자신의 내면적 가치에 집중하며, 운을 맞이할 준비로서 성실한 노력을 지속할 것을 당부합니다.",,없음,,,,sources/youtube/01-growth.md#8eGDJNBzysM
BXHUJExC_eM,YouTube 영상,할수록 가난해지는 최악의 독서 습관 5,주언규 joo earn gyu,https://www.youtube.com/watch?v=BXHUJExC_eM,"성장을 위한 / 학습, 배움",학습·생각·글쓰기 / 실행·지속·회복,자막 기반 요약,"독서가 성공으로 연결되려면 다독보다 내용을 삶에 적용하는 구체적인 전략과 실행이 필수적입니다. 지식을 머리에 담는 것에 그치지 않고, 쉬운 책부터 시작해 행동을 변화시키는 능동적인 독서 습관을 갖춰야 합니다.",,없음,,,,sources/youtube/01-growth.md#BXHUJExC_eM
6x3b_70jBvk,YouTube 영상,???: 찬물 샤워를 해보세요,너덜트,https://www.youtube.com/watch?v=6x3b_70jBvk,성장을 위한,실행·지속·회복,자막 기반 요약,인간의 끝없는 욕망을 이겨내기 위해 작은 성공부터 실천하고 고통을 감내하며 목표를 향해 나아가는 태도를 강조합니다. 자기계발 루틴에만 매몰되지 않고 실질적인 결과로 증명하며 끝까지 포기하지 않는 끈기가 중요하다고 설명합니다.,,없음,,,,sources/youtube/01-growth.md#6x3b_70jBvk
qL_p0xm0Qt8,YouTube 영상,우리가 살면서 문학작품을 꼭 읽어야 하는 이유,한국사장학교 TV,https://www.youtube.com/watch?v=qL_p0xm0Qt8,성장을 위한,학습·생각·글쓰기 / 고객·설득·브랜드,자막 기반 요약,"문학 작품을 깊이 있게 읽는 것은 타인의 굴곡진 삶을 간접 체험하며 새로운 인생을 한 번 더 사는 것과 같습니다. 성인이 되어 다시 접하는 고전은 자신만의 사고 체계와 철학을 정립하게 도와주며, 이는 사업 등 실무에서도 명확한 균형점을 잡아주는 기초가 됩니다.",,없음,,,,sources/youtube/01-growth.md#qL_p0xm0Qt8
qY1P_CmL8aQ,YouTube 영상,인생 노트앱...드디어 찾았습니다..!,노마드 코더 Nomad Coders,https://www.youtube.com/watch?v=qY1P_CmL8aQ,성장을 위한,학습·생각·글쓰기 / 고객·설득·브랜드 / 제품·창업·AI,자막 기반 요약,"옵시디언의 기능을 극대화하고 시각적으로 개선해 주는 7가지 필수 플러그인을 소개합니다. 단순한 외관 변경부터 데이터베이스 쿼리 및 프로젝트 관리까지, 단순한 노트 앱을 강력한 생산성 도구로 변모시키는 방법을 설명합니다.",,없음,,,,sources/youtube/01-growth.md#qY1P_CmL8aQ
9T5DukkikAg,YouTube 영상,나와 함께 오래갈 사람,한국사장학교 TV,https://www.youtube.com/watch?v=9T5DukkikAg,성장을 위한,고객·설득·브랜드 / 가치·관계·삶,자막 기반 요약,"훌륭한 인재를 채용하기 위해서는 기술보다 품성을 우선시해야 하며, 이들이 오래 머물게 하려면 업무에서 보람을 느끼도록 지원해야 합니다. 리더는 직원의 가치관과 업무를 연결하고 창의성을 발휘할 환경을 제공하여 스스로 성취감을 얻게 돕는 역할을 수행해야 합니다.",,없음,,,,sources/youtube/01-growth.md#9T5DukkikAg
Zh9fVMzLUlk,YouTube 영상,"성공포르노 성수기, 새해다짐 시즌에 속지 않는법",동기부여 뒤집기,https://www.youtube.com/watch?v=Zh9fVMzLUlk,성장을 위한,고객·설득·브랜드 / 실행·지속·회복,자막 기반 요약,"새해다짐 시즌에 기승을 부리는 성공 포르노 마케팅의 허구성을 비판하며, 과도한 계획보다 본질적인 실천의 중요성을 강조합니다. 웅장한 시작보다는 지금 당장 작게 시작하고, 특정 시기나 인증에 집착하지 않는 주체적인 태도가 필요하다고 조언합니다.",,없음,,,,sources/youtube/01-growth.md#Zh9fVMzLUlk
pwKuAkgUWnc,YouTube 영상,"내가 끊임없이 실패하는 이유, 의지력이 부족해서가 아닙니다! ㅣ 베이직교회 조정민 목사 ㅣ 잘잘법 174회",잘잘법 :잘 믿고 잘 사는 법,https://www.youtube.com/watch?v=pwKuAkgUWnc,성장을 위한,실행·지속·회복 / 가치·관계·삶,자막 기반 요약,"작심삼일의 반복은 의지력 부족이 아니라 일의 가치와 중요성을 충분히 자각하지 못했기 때문입니다. 내 인생을 바칠 만한 소명과 가치를 발견할 때, 인간의 의지를 넘어선 지속적인 열정이 생겨납니다.","조정민은 작심삼일을 의지 부족으로 비난하기보다 일에 두는 가치와 중요성을 살펴보자고 말하며, 자신의 예배 지속과 요리에 의미를 찾은 사람의 사례를 든다. 기독교적 소명에 뿌리를 둔 해석이다.",자막·캡션 구간 직접 대조,"루틴을 어떻게 유지할지 묻는 것과 함께 왜 이 일을 계속하고 싶은지 적으면, 관성으로 늘린 계획을 재검토할 수 있다. 외부 성과가 줄어도 남기고 싶은 작업과 현재 책임 때문에 해야 하는 일을 구분해 생각하는 성찰 글로 사용할 수 있다.",오래 지속하지 못했다는 이유로 가치나 신앙이 부족하다고 판단하지 않는다. 의미 있는 일도 체력·시간·자원 때문에 멈출 수 있다. 개인의 신앙적 증언을 보편 심리 법칙·업무 성과 공식으로 합치지 않는다.,아무도 칭찬하지 않아도 계속하고 싶은 일은 무엇인가? 그 일을 지속하기 위해 의미 외에 필요한 현실 조건은 무엇인가?,sources/youtube/01-growth.md#pwKuAkgUWnc
b1d3yB7Vv7c,YouTube 영상,피가 되고 살이 되는 쓴소리 ft.백종원,잘될거야,https://www.youtube.com/watch?v=b1d3yB7Vv7c,성장을 위한,실행·지속·회복 / 가치·관계·삶,자막 기반 요약,백종원은 과거를 딛고 기회를 얻은 이에게 주변의 믿음을 저버리지 말고 반드시 변화할 것을 강력히 촉구합니다. 세상의 편견을 깨고 보란 듯이 성공하여 스스로의 가치를 증명하라는 진심 어린 쓴소리를 전합니다.,,없음,,,,sources/youtube/01-growth.md#b1d3yB7Vv7c
Wrma9n0ibcg,YouTube 영상,레이달리오의 성공법칙,코인 데이터,https://www.youtube.com/watch?v=Wrma9n0ibcg,성장을 위한,고객·설득·브랜드 / 실행·지속·회복,자막 기반 요약,"레이 달리오가 제안하는 성공을 위한 5단계 프로세스를 설명합니다. 목표 설정부터 문제 진단, 설계 및 실행에 이르는 체계적인 접근 방식을 강조합니다.",,없음,,,,sources/youtube/01-growth.md#Wrma9n0ibcg
Erx28AkkU6w,YouTube 영상,"""모든 학생에 전액 장학금을"" 1조 3천억 원 기부 / SBS / #D리포트",SBS 뉴스,https://www.youtube.com/watch?v=Erx28AkkU6w,"성장을 위한 / 인생수업, 위기의 때",가치·관계·삶,자막 기반 요약,"알버트 아인슈타인 의과대학의 루스 가데스먼 전 교수가 학생들의 학비 부담을 없애기 위해 1조 3천억 원을 기부했습니다. 이번 기부로 모든 학생이 전액 장학금 혜택을 받게 되었으며, 기부자는 자신의 이름을 드러내지 말라는 조건을 걸었습니다.",,없음,,,,sources/youtube/01-growth.md#Erx28AkkU6w
ECh25K1_6SI,YouTube 영상,"하고 싶은 일, 해야 하는 일ㅣ동기부여 영상 모음",자기객관화,https://www.youtube.com/watch?v=ECh25K1_6SI,성장을 위한,실행·지속·회복,자막 기반 요약,"성공한 인물들의 경험을 통해 자신이 좋아하는 일을 포기하지 않고 도전하는 태도의 중요성을 강조합니다. 타인의 시선에서 벗어나 스스로의 가치를 인정하고, 실패를 배움의 과정으로 삼아 꾸준히 나아갈 것을 권장합니다.",,없음,,,,sources/youtube/01-growth.md#ECh25K1_6SI
8onUlhw_qtQ,YouTube 영상,진짜 내 꿈을 찾는 법!! 방황하고 있는 그대에게✨,CosmoJina 코스모지나,https://www.youtube.com/watch?v=8onUlhw_qtQ,성장을 위한,학습·생각·글쓰기 / 실행·지속·회복,영상 직접 분석,"이 영상은 로라 가넷의 '천재성 영역(Zone of Genius)' 개념을 활용해 진정한 자아와 꿈을 찾는 구체적인 방법을 제시합니다. 열정, 기술, 재능, 가치라는 네 가지 요소의 교집합인 '스위트 스팟'을 찾아 인생의 방향성을 설정할 것을 강조합니다.",,없음,,,,sources/youtube/01-growth.md#8onUlhw_qtQ
_h3ecO9v6Tc,YouTube 영상,도덕적으로 미덕있는 척 하는 사람은 저급한 사람이다 | 조던 피터슨,바른말오른말,https://www.youtube.com/watch?v=_h3ecO9v6Tc,성장을 위한,실행·지속·회복 / 가치·관계·삶,자막 기반 요약,조던 피터슨은 자신의 무능함과 나약함을 도덕적 미덕으로 포장하는 남성이 노골적인 가해자보다 더 저급한 존재라고 비판합니다. 그는 진정한 선함이 아닌 약함을 선으로 위장하는 태도는 장기적으로 성공적인 삶의 전략이 될 수 없음을 강조합니다.,,없음,,,,sources/youtube/01-growth.md#_h3ecO9v6Tc
1x6v-bDJ1jQ,YouTube 영상,포기 안 하는 방법,주언규 joo earn gyu,https://www.youtube.com/watch?v=1x6v-bDJ1jQ,"성장을 위한 / 인생수업, 위기의 때",실행·지속·회복,자막 기반 요약,"포기는 결과를 확인하지 않고 중간에 그만두는 것이며, 이를 방지하려면 시작 전 명확한 기간을 설정해야 합니다. 정해진 기간을 끝까지 완수하는 경험을 쌓아야 포기가 습관이 되는 것을 막을 수 있습니다.",,없음,,,,sources/youtube/01-growth.md#1x6v-bDJ1jQ
zfx3k7NB1G8,YouTube 영상,우리나라가 인터넷 최강국이 된 이유,또치킨,https://www.youtube.com/watch?v=zfx3k7NB1G8,성장을 위한,제품·창업·AI,자막 기반 요약,전길남 박사는 기술적 불모지였던 한국에서 네트워크 구축이 국가 발전의 핵심임을 간파하고 독자적인 기술 개발을 이끌었습니다. 그 결과 한국은 미국의 견제를 뚫고 세계 두 번째로 인터넷 연결에 성공하며 아시아 정보화의 선구자가 되었습니다.,,없음,,,,sources/youtube/01-growth.md#zfx3k7NB1G8
QrshuvMBOC4,YouTube 영상,아무리 해도 인생이 안 풀릴 때,주언규 joo earn gyu,https://www.youtube.com/watch?v=QrshuvMBOC4,성장을 위한,실행·지속·회복 / 가치·관계·삶,자막 기반 요약,"인생이 잘 풀리지 않을 때는 고집을 버리고 목표는 유지하되 접근 방법을 바꾸는 유연함이 필요합니다. 이미 성공한 사람을 찾아가 조언을 구하고, 자신의 방식을 고집하기보다 배운 내용을 적극적으로 수용해야 합니다.",,없음,,,,sources/youtube/01-growth.md#QrshuvMBOC4
snAcqJmDwss,YouTube 영상,"결국 해내는 사람들은 계획부터 다르다 ""계획대로 안되도 흔들리지 않아요""",드로우앤드류,https://www.youtube.com/watch?v=snAcqJmDwss,성장을 위한,학습·생각·글쓰기 / 실행·지속·회복,자막 기반 요약,"앤드류는 계획, 실행, 기록, 동기부여로 이어지는 지속 가능한 자기계발 사이클을 통해 목표에 가까워지는 방법을 제시합니다. 특히 일요일에는 매니저로서 한 주를 설계하고 평일에는 수행자로서 실행에만 집중하는 역할 분리를 강조합니다.","드로우앤드류는 이벤트와 업무를 구분하고, 일요일에 주간 배분을 한 뒤 평일에는 당일 일에 집중하는 방식을 설명한다. 계획을 못 지키는 경우 자신의 처리 역량을 몰랐을 수 있으니 반복하며 실험하고, 예상치 못한 일을 위한 버퍼를 둔다고 말한다.",자막·캡션 구간 직접 대조,할 일 미완료를 매번 성실성의 문제로만 읽기보다 계획량·실제 소요시간·외부 변수의 차이로 분해할 수 있다. 일주일 계획에서 하나를 미룬 이유를 기록하면 다음 계획의 분량을 현실에 맞추는 자료가 된다. 글감은 완벽한 플래너 공개보다 ‘내 예상이 어떻게 틀렸고 다음 주에 무엇을 줄였는가’다.,주간 계획을 고정하는 방식은 외부 변수가 적을 때 유리하다. 고객 요청이나 돌발 대응이 많은 날은 매일 짧은 재배분이 필요할 수 있다. 토요일을 반드시 보충 노동일로 삼으라는 보편 처방으로 옮기지 않는다.,"내가 실패한 계획 하나를 의지·분량·예상 시간·돌발 변수로 나눠 보면, 다음번 바꿀 것은 무엇인가?",sources/youtube/01-growth.md#snAcqJmDwss
0ytXUIWS4P4,YouTube 영상,대부분의 사람들이 이걸 몰라서 부자가 되지 못해요 | 되더라 - 현우진 | 공부자극 | 동기부여 | bgm 제거 버전,오늘의글,https://www.youtube.com/watch?v=0ytXUIWS4P4,"성장을 위한 / 학습, 배움",학습·생각·글쓰기 / 실행·지속·회복,자막 기반 요약,"현우진 강사는 공부의 성패가 재능과 노력의 결합에 달려 있으며, 압도적인 성과를 위해선 높은 기준과 막대한 인풋이 필수라고 강조합니다. 특히 자신이 모르는 부분을 집요하게 공부하고 학습의 텐션을 유지하는 습관이 성공의 핵심이라고 조언합니다.",,없음,,,,sources/youtube/01-growth.md#0ytXUIWS4P4
9BnSk8UuOyc,YouTube 영상,우리의 인생에는 세 단계가 있다.,Intelligence,https://www.youtube.com/watch?v=9BnSk8UuOyc,"성장을 위한 / 인생수업, 위기의 때",실행·지속·회복 / 가치·관계·삶,자막 기반 요약,"SNS에 의존하기보다 침묵 속에서 배우고 성장하며 인생의 세 단계를 충실히 살아가라는 조언을 전합니다. 인생은 배우는 단계(Learn), 수익을 내는 단계(Earn), 그리고 사회에 환원하는 단계(Return)로 구성됩니다.",,없음,,,,sources/youtube/01-growth.md#9BnSk8UuOyc
A_9ecbVNH4U,YouTube 영상,"워렌버핏의 평생 파트너, 최고 자산가 찰리멍거의 10가지 교훈, 부자의 습관ㅣ동기부여학과",동기부여학과,https://www.youtube.com/watch?v=A_9ecbVNH4U,성장을 위한,고객·설득·브랜드 / 실행·지속·회복 / 가치·관계·삶,자막 기반 요약,"찰리 멍거는 돈을 목적이 아닌 원하는 삶을 살기 위한 도구로 정의하며, 겸손과 단순함의 가치를 강조합니다. 그는 진정한 부의 핵심은 화려한 겉모습이 아니라 스스로의 삶을 결정할 수 있는 자유에 있다고 주장합니다.",,없음,,,,sources/youtube/01-growth.md#A_9ecbVNH4U
h26vRWbx6nU,YouTube 영상,성공한 사람들의 한 가지 비밀 | 마크 주커버크,NOMATTER 노메럴,https://www.youtube.com/watch?v=h26vRWbx6nU,성장을 위한,고객·설득·브랜드 / 실행·지속·회복,자막 기반 요약,"마크 주커버그는 아이디어가 처음부터 완벽하게 완성된 상태로 나타나지 않으며, 실행하는 과정에서 점차 명확해진다고 강조합니다. 단 한 번의 깨달음이라는 환상에 빠지기보다 일단 시작하는 태도가 성공의 핵심이라고 조언합니다.",,없음,,,,sources/youtube/01-growth.md#h26vRWbx6nU
uzLrRi6zWaA,YouTube 영상,"사실상 끝난 상황에서, 어떻게든 방법을 찾아 보는데..",MG세대,https://www.youtube.com/watch?v=uzLrRi6zWaA,"성장을 위한 / 인생수업, 위기의 때",실행·지속·회복,자막 기반 요약,절망적인 상황에서도 포기하지 않고 끝까지 해결책을 찾아내는 끈기의 중요성을 보여줍니다. 대부분의 사람들이 포기할 만한 순간에도 멈추지 않고 도전하여 결국 상황을 반전시키는 과정을 담고 있습니다.,,없음,,,,sources/youtube/01-growth.md#uzLrRi6zWaA
9TBJHgUCNuk,YouTube 영상,당신에게 불안이 찾아왔다면 | 로버트 그린,NOMATTER 노메럴,https://www.youtube.com/watch?v=9TBJHgUCNuk,성장을 위한,실행·지속·회복,자막 기반 요약,"로버트 그린은 불안을 해결되지 않은 문제에 대한 신호로 정의하며, 즉각적인 해답을 찾기보다 깊이 사고할 것을 권장합니다. 불안에 쫓겨 성급한 결정을 내리기보다 다양한 대안을 검토하는 과정을 통해 더 나은 선택을 할 수 있다고 강조합니다.",,없음,,,,sources/youtube/01-growth.md#9TBJHgUCNuk
1eqTEQvzc1E,YouTube 영상,배우는 속도가 느린 것 같다면 '이걸' 해 보세요 | 빠른 학습을 가능하게 하는 3가지 도구,알리고올리GO - 교육정보 전문 채널,https://www.youtube.com/watch?v=1eqTEQvzc1E,성장을 위한,학습·생각·글쓰기 / 실행·지속·회복 / 별도 확인·배경,자막 기반 요약,성인기 뇌 가소성을 활성화하려면 실수를 통한 자극과 적절한 자율신경계 조절이 필수적입니다. 실패의 좌절감을 긍정적으로 수용하고 짧고 집중적인 학습 세션을 반복함으로써 학습 속도를 획기적으로 높일 수 있습니다.,,없음,,,,sources/youtube/01-growth.md#1eqTEQvzc1E
wnYdyYdJOBY,YouTube 영상,게으르고 야망이 큰 사람이 위험한 이유 | 패트릭 벳 데이비드,NOMATTER 노메럴,https://www.youtube.com/watch?v=wnYdyYdJOBY,"성장을 위한 / 인생수업, 위기의 때",고객·설득·브랜드 / 가치·관계·삶,자막 기반 요약,패트릭 벳 데이비드는 실력과 노력 없이 야망만 큰 사람들을 사회에서 가장 위험한 부류로 정의하며 경계할 것을 조언합니다. 이들은 자신의 부족함을 채우기보다 타인을 공격하는 데 에너지를 쓸 수 있으므로 적절한 거리 두기가 필요하다고 강조합니다.,,없음,,,,sources/youtube/01-growth.md#wnYdyYdJOBY
F42oxFb9gfc,YouTube 영상,실리콘밸리가 사용하는 일하는 프로세스,퇴사한 이형,https://www.youtube.com/watch?v=F42oxFb9gfc,성장을 위한,고객·설득·브랜드 / 가치·관계·삶,자막 기반 요약,"실리콘밸리는 명확한 오너십과 고객 중심 문화를 바탕으로 투명한 업무 프로세스를 운영하며, 이는 파편화된 한국식 업무 방식과 차별화됩니다. 아마존의 6페이지 문서 회의와 사전 리스크 관리 시스템은 조직의 논리적 사고와 실행력을 극대화하는 핵심 동력입니다.",,없음,,,,sources/youtube/01-growth.md#F42oxFb9gfc
fx-6os408VE,YouTube 영상,진상 처리에 도가 튼 알바생,숏! 무비중심,https://www.youtube.com/watch?v=fx-6os408VE,성장을 위한,고객·설득·브랜드 / 가치·관계·삶,자막 기반 요약,불만을 제기하는 손님에게 즉각 사과하고 너스레를 떨어 상황을 유연하게 해결하는 알바생의 모습입니다. 사장은 뛰어난 대처 능력을 보인 알바생에게 보너스를 지급하며 격려합니다.,,없음,,,,sources/youtube/01-growth.md#fx-6os408VE
r4v4oinvmng,YouTube 영상,성공한 사업가는 다 한다는 '이 루틴',큰손 노희영,https://www.youtube.com/watch?v=r4v4oinvmng,성장을 위한,학습·생각·글쓰기 / 고객·설득·브랜드 / 실행·지속·회복,자막 기반 요약,"외식할 때마다 식당의 좌석 수, 인건비, 매출 및 임대료를 추정하여 기록하는 분석 루틴을 강조합니다. 이러한 습관을 생활화하면 사업적 통찰력이 생겨 어떤 분야에서도 성공할 수 있다고 설명합니다.",노희영은 식당의 좌석·직원·메뉴 등을 보고 매출과 비용을 추정해 기록하는 루틴을 권한다. 자막 0:22에는 추정이 틀릴 수 있다는 단서가 명시돼 있다.,자막·캡션 구간 직접 대조,"이 자료에서 옮길 만한 것은 손익을 맞히는 공식보다 ‘현장에 질문을 갖고 들어가 관찰하고 가설을 기록하는 습관’이다. 교육·업무 현장에서는 누가 어느 단계에서 멈췄는지, 반복 질문은 무엇인지, 어떤 우회 행동을 했는지 기록할 수 있다. 사실·내 해석·확인할 질문을 세 칸으로 나누는 방식은 이 문서의 제안이다.",한 번 방문해 본 좌석 수로 실제 매출·순이익을 알 수는 없다. 시간대·회전율·배달·비용 구조 등 보이지 않는 변수가 있다. 이 적용을 사업 판단이나 재무 조언이 아닌 관찰 훈련으로 한정한다. 타인을 식별하는 정보는 글에 넣기 전 정리한다.,"최근 현장에서 직접 본 사실 한 가지와, 그 사실을 보고 내가 너무 빨리 붙인 설명은 무엇인가?",sources/youtube/01-growth.md#r4v4oinvmng
Ri0boleSuDc,YouTube 영상,레스 브라운 역대급 동기부여 영상 -,성공한스푼,https://www.youtube.com/watch?v=Ri0boleSuDc,성장을 위한,실행·지속·회복,영상 직접 분석,레스 브라운은 아들과의 게임 일화를 통해 승리할 때까지 포기하지 않는 태도의 중요성을 강조합니다. 어떠한 역경 속에서도 자신의 꿈을 되새기며 끝까지 도전하는 마음가짐이 성공의 열쇠임을 역설합니다.,,없음,,,,sources/youtube/01-growth.md#Ri0boleSuDc
ORUfaD_jjfE,YouTube 영상,신발 끈 꽉 매고 그냥 밀어붙여.,Intelligence,https://www.youtube.com/watch?v=ORUfaD_jjfE,성장을 위한,고객·설득·브랜드 / 실행·지속·회복,자막 기반 요약,상업용 부동산 전문가인 인터뷰이는 성공을 위해 막대한 자본보다 지능과 끈기 있는 노력이 필수적이라고 강조합니다. 그는 학교 교육보다 포기하지 않는 태도가 승자와 패자를 가르는 결정적인 차이라고 조언합니다.,,없음,,,,sources/youtube/01-growth.md#ORUfaD_jjfE
LwnsHp5b-rU,YouTube 영상,냉소적인 사람과 낙관적인 사람의 차이 | 알렉스 홀모지,NOMATTER 노메럴,https://www.youtube.com/watch?v=LwnsHp5b-rU,성장을 위한,고객·설득·브랜드 / 실행·지속·회복,자막 기반 요약,"낙관주의자는 큰 성취가 가능하다는 믿음을 바탕으로 행동하며 결국 부와 성공을 거머쥡니다. 냉소주의자는 수많은 실패를 예견하며 단기적으로는 옳아 보일 수 있지만, 최종적인 성공의 가치를 간과합니다.",,없음,,,,sources/youtube/01-growth.md#LwnsHp5b-rU
cOINKq-rzVE,YouTube 영상,“나도 기술적 분석 다 해봤지” #워런버핏,메이킹알파,https://www.youtube.com/watch?v=cOINKq-rzVE,"성장을 위한 / 인생수업, 위기의 때",학습·생각·글쓰기 / 실행·지속·회복,자막 기반 요약,워런 버핏은 주식 투자에서 이론보다 실제 경험을 통한 배움과 자기 성찰의 중요성을 강조합니다. 그는 벤저민 그레이엄의 저서를 읽기 전 8년간의 시행착오가 오히려 올바른 투자 철학을 수용하는 준비 과정이 되었다고 설명합니다.,,없음,,,,sources/youtube/01-growth.md#cOINKq-rzVE
KNC7UWvn4W4,YouTube 영상,비범함을 위해선 그래야만 한다.,Intelligence,https://www.youtube.com/watch?v=KNC7UWvn4W4,성장을 위한,고객·설득·브랜드 / 실행·지속·회복,자막 기반 요약,비범한 성과를 달성하기 위해서는 완벽주의와 타협하지 않는 엄격한 기준이 필수적임을 강조합니다. 화자는 까다롭다는 주변의 평가를 긍정하며 탁월함을 향한 태도의 중요성을 역설합니다.,,없음,,,,sources/youtube/01-growth.md#KNC7UWvn4W4
8eI3v-A4g-g,YouTube 영상,나는 해낸다 안 되면 죽는다.,Intelligence,https://www.youtube.com/watch?v=8eI3v-A4g-g,"성장을 위한 / 인생수업, 위기의 때",실행·지속·회복,영상 직접 분석,짐 론은 '죽을 각오로 해내겠다'는 강력한 결심이 인생을 바꿀 수 있다고 강조합니다. 어떤 장애물에도 굴하지 않고 목표를 향해 나아가는 확고한 의지가 성공의 핵심임을 역설합니다.,,없음,,,,sources/youtube/01-growth.md#8eI3v-A4g-g
4z4Gj2BXQKw,YouTube 영상,자신감 있는 척? 현실에선 안 통한다🙅‍♂️,미엠지 Me:MZ,https://www.youtube.com/watch?v=4z4Gj2BXQKw,성장을 위한,실행·지속·회복,자막 기반 요약,자신감은 단순히 척하는 것이 아니라 작은 성취를 통해 신체가 학습해 나가는 과정입니다. 아주 사소한 일이라도 완벽하게 해내는 경험이 쌓여야 진정한 자신감으로 확장될 수 있습니다.,,없음,,,,sources/youtube/01-growth.md#4z4Gj2BXQKw
R5lyFHQ27UU,YouTube 영상,남의 시선 자꾸 신경 쓰는 게 위험한 이유,오현호의 행동력 수업 ,https://www.youtube.com/watch?v=R5lyFHQ27UU,성장을 위한,실행·지속·회복 / 가치·관계·삶,자막 기반 요약,비행기 착륙 시 타인의 평가를 의식해 부드러운 착륙에만 집착하면 오히려 위험한 상황을 초래할 수 있습니다. 진정한 자유는 남의 시선에서 벗어나 자신의 본업과 상황에 집중할 때 얻어지는 도덕적 성품입니다.,,없음,,,,sources/youtube/01-growth.md#R5lyFHQ27UU
Bg-qpNbs9Yo,YouTube 영상,진짜 가족을 위해 살고 있긴 해?,Intelligence,https://www.youtube.com/watch?v=Bg-qpNbs9Yo,"성장을 위한 / 인생수업, 위기의 때",실행·지속·회복 / 가치·관계·삶,자막 기반 요약,"가족을 위해 죽을 수 있다는 거창한 다짐보다, 그들을 위해 건강하게 살아가는 일상의 실천이 더 중요합니다. 운동, 식습관, 수면 등 자기 관리를 통해 더 나은 삶을 유지하는 것이 진정한 가족 사랑의 증거라고 강조합니다.",,없음,,,,sources/youtube/01-growth.md#Bg-qpNbs9Yo
g8kEEE4_uRM,YouTube 영상,무례한 농담 대처법,"One Step, Big Change | 작은 한걸음, 큰 변화",https://www.youtube.com/watch?v=g8kEEE4_uRM,성장을 위한,가치·관계·삶,자막 기반 요약,무례한 질문을 받았을 때 상대방에게 말을 다시 해달라고 요청하여 상황의 주도권을 잡는 방법을 설명합니다. 이를 통해 상대방이 자신의 무례함을 인지하게 하고 스스로 물러나게 만들 수 있습니다.,,없음,,,,sources/youtube/01-growth.md#g8kEEE4_uRM
572Tq1DZbsY,YouTube 영상,”세상은 소심한 남자에게 잔인하고 용기있는 자에게 보상을 준다“,미엠지 Me:MZ,https://www.youtube.com/watch?v=572Tq1DZbsY,성장을 위한,고객·설득·브랜드 / 실행·지속·회복 / 가치·관계·삶,자막 기반 요약,"진정한 자신감은 타인 앞에서 바보처럼 보이거나 실패하는 것을 두려워하지 않는 태도에서 시작됩니다. 성공을 위해서는 자신이 닮고 싶은 사람의 조언에만 집중하고, 한 가지 분야를 화살촉처럼 날카롭게 마스터하는 과정이 필요합니다.",,없음,,,,sources/youtube/01-growth.md#572Tq1DZbsY
CdPkWCOj4ho,YouTube 영상,하는 일이 적성에 안맞을 때,큰손 노희영,https://www.youtube.com/watch?v=CdPkWCOj4ho,"성장을 위한 / 인생수업, 위기의 때",실행·지속·회복 / 가치·관계·삶,자막 기반 요약,모델에서 공인중개사로 전업 후 정체성 혼란을 겪는 사연자에게 전문가는 배수의 진을 치는 태도를 강조합니다. 성과를 내기도 전에 고민만 하기보다 해당 분야에서 최고가 되겠다는 우직한 마음가짐으로 임할 것을 조언합니다.,,없음,,,,sources/youtube/01-growth.md#CdPkWCOj4ho
Vkmn9Q7zZBY,YouTube 영상,개그맨에서 연봉 10억 작가로 변신한 고명환의 비법은 '이것'⁉️ 정해진 틀을 깨고 사고방식을 바꾸는 가장 효과적인 법✅ #어쩌다어른10주년,tvN STORY 티비엔 스토리,https://www.youtube.com/watch?v=Vkmn9Q7zZBY,성장을 위한,학습·생각·글쓰기 / 고객·설득·브랜드 / 실행·지속·회복,자막 기반 요약,고명환 작가는 독서를 통해 타인이 정한 기준의 틀을 깨고 자신의 세계를 확장하는 것이 성공의 핵심이라고 강조합니다. 긍정적인 질문과 예언적 완료형 확언을 통해 뇌를 자극하고 스스로를 변화시키는 구체적인 방법을 제시합니다.,,없음,,,,sources/youtube/01-growth.md#Vkmn9Q7zZBY
fOQ7U2xL3sw,YouTube 영상,4000억 엑싯한 맥킨지 출신 창업가의 초합리적 결정법(+경제학)ㅣ스킨1004 이소형,EO Korea,https://www.youtube.com/watch?v=fOQ7U2xL3sw,성장을 위한,고객·설득·브랜드 / 실행·지속·회복 / 가치·관계·삶,자막 기반 요약,"이소형 대표는 거시적 흐름을 읽고 유연하게 대응하며 스킨1004를 글로벌 브랜드로 성장시켜 4,000억 원 규모의 엑싯을 달성했습니다. 그는 단순한 부의 축적을 넘어 동료들과 성과를 나누고 인류에 기여하는 가치 중심의 경영을 지향합니다.",,없음,,,,sources/youtube/01-growth.md#fOQ7U2xL3sw
c0tpnShGv4U,YouTube 영상,최선을 다했는데 인정받지 못하는 마음이 든다면 #악마는프라다,비오케이 BeOk,https://www.youtube.com/watch?v=c0tpnShGv4U,성장을 위한,실행·지속·회복 / 가치·관계·삶,자막 기반 요약,"주인공 앤디는 최선을 다해도 인정받지 못한다며 불평하지만, 동료 나이젤은 그것이 노력이 아닌 징징거림일 뿐이라고 일침을 가합니다. 진정한 노력은 보상을 바라는 태도에서 벗어나 자신의 직무에 완전히 몰입하는 것임을 시사합니다.",,없음,,,,sources/youtube/01-growth.md#c0tpnShGv4U
VCzjbSr00VM,YouTube 영상,일을 '진짜' 잘하는 사람들 특징,하꼰대 Ha kkondae,https://www.youtube.com/watch?v=VCzjbSr00VM,성장을 위한,실행·지속·회복 / 가치·관계·삶,자막 기반 요약,"일을 잘하는 사람의 핵심은 결과뿐만 아니라 과정에 대한 확실한 보고와 피드백에 있습니다. 문제 상황에서 단순히 안 된다고 보고하는 것이 아니라, 다음 대안까지 함께 제시하는 태도가 중요합니다.",,없음,,,,sources/youtube/01-growth.md#VCzjbSr00VM
G1WOyfYeQZQ,YouTube 영상,무려 5년 동안 매일 훈련했다는 마이클 펠프스,애슬레틱 라이프 Athletic Life,https://www.youtube.com/watch?v=G1WOyfYeQZQ,성장을 위한,실행·지속·회복,자막 기반 요약,마이클 펠프스는 5~6년 동안 휴일 없이 매일 훈련하며 압도적인 연습량을 유지했습니다. 그는 하기 싫은 순간에도 포기하지 않고 움직이는 실천력이 평범함과 위대함을 가르는 차이라고 설명합니다.,,없음,,,,sources/youtube/01-growth.md#G1WOyfYeQZQ
MUXL_JmgnXA,YouTube 영상,"사고를 바꾸는 방법, 학생뿐만 아니라 일반인들이 사고를 바꾸려면 꼭 봐야할 영상│현우진 동기부여 영상│삶의 자세│공부 자극",인간관계와 현생,https://www.youtube.com/watch?v=MUXL_JmgnXA,성장을 위한,학습·생각·글쓰기 / 실행·지속·회복,자막 기반 요약,"현우진 강사는 성적 향상을 위해 단순한 공부량보다 사고의 전환과 독서를 통한 문해력 강화가 필수적임을 강조합니다. 주변의 자극을 계기로 습관을 바꾸고, 다독을 통해 텍스트를 장악하는 능력을 기르는 것이 진정한 실력의 핵심이라고 설명합니다.",,없음,,,,sources/youtube/01-growth.md#MUXL_JmgnXA
NNSyrIlzwwM,YouTube 영상,"[메가스터디] 바른공부설명회 현우진 ""교과서 학습을 통한 사고력 향상 학습법""",theMEGASTUDY,https://www.youtube.com/watch?v=NNSyrIlzwwM,성장을 위한,학습·생각·글쓰기 / 실행·지속·회복,자막 기반 요약,현우진 강사는 단순 암기에서 벗어나 사고력을 기르기 위한 독서와 단계별 교과서 학습의 중요성을 강조합니다. 자신의 경험을 통해 공부 습관의 변화와 텍스트 이해 능력이 성적 향상의 근본적인 열쇠임을 역설합니다.,,없음,,,,sources/youtube/01-growth.md#NNSyrIlzwwM
EECgJPb6CMM,YouTube 영상,완벽을 버려야 성공한다? | Scale AI 알렉산더 왕의 완벽주의 탈출기,밸리걸,https://www.youtube.com/watch?v=EECgJPb6CMM,성장을 위한,고객·설득·브랜드 / 실행·지속·회복,자막 기반 요약,알렉산더 왕은 세상의 혼란스러움을 인정하며 완벽주의 대신 실용적인 접근 방식을 강조합니다. 그는 대부분의 상황에서 완벽함보다 속도를 우선시하며 80/20 법칙을 반복적으로 적용할 것을 권장합니다.,,없음,,,,sources/youtube/01-growth.md#EECgJPb6CMM
TLZIMMnEUfQ,YouTube 영상,지금 차기 미국 대통령 후보까지 거론되는 중… #영어인터뷰 #영어공부,Bagel English,https://www.youtube.com/watch?v=TLZIMMnEUfQ,성장을 위한,실행·지속·회복,자막 기반 요약,"조나단 김은 해군 실 출신이자 하버드 의대를 졸업한 NASA 우주비행사로, 불우한 가정 환경을 극복한 인물입니다. 그는 전사를 단순히 전투원이 아닌 자신의 분야에서 탁월함을 추구하며 세상에 긍정적인 영향을 미치는 사람으로 정의합니다.",,없음,,,,sources/youtube/01-growth.md#TLZIMMnEUfQ
4SszTTMGbyk,YouTube 영상,20대에게 주는 조언 (팔란티어 CEO 알렉스 카프),인간지능 | Human Intelligence,https://www.youtube.com/watch?v=4SszTTMGbyk,성장을 위한,학습·생각·글쓰기 / 고객·설득·브랜드,영상 직접 분석,20대에 성공하려면 화려한 사교 생활보다는 자신의 적성과 능력 개발에 집중해야 합니다. 자신이 잘하는 일을 찾아 그에 맞춰 삶을 설계하고 자유와 행복을 추구하는 것이 중요합니다.,,없음,,,,sources/youtube/01-growth.md#4SszTTMGbyk
NS7mpvJwEv8,YouTube 영상,인생에서 가장 중요한 능력은..,미엠지 Me:MZ,https://www.youtube.com/watch?v=NS7mpvJwEv8,성장을 위한,학습·생각·글쓰기 / 가치·관계·삶,영상 직접 분석,젊을 때 배워야 할 가장 중요한 기술은 자신에게만 매몰되지 않고 타인을 관찰하는 능력입니다. 주변 사람들의 성향과 권력 관계를 예리하게 파악하면 인생이라는 게임을 훨씬 수월하게 풀어나갈 수 있습니다.,,없음,,,,sources/youtube/01-growth.md#NS7mpvJwEv8
1zBpozANCR0,YouTube 영상,누구든 1000% 바꿀 뇌 개조법 (공유 금지) | 존 아사라프,민팍의 마음너머,https://www.youtube.com/watch?v=1zBpozANCR0,성장을 위한,학습·생각·글쓰기 / 실행·지속·회복,영상 직접 분석,존 아사라프는 목표 달성을 위해 단순한 관심이 아닌 헌신이 필요함을 강조하며 뇌의 신경 패턴을 재설계하는 방법을 제시합니다. 매일 목표를 시각화하고 긍정적인 신념을 반복함으로써 실제적인 삶의 변화와 경제적 성공을 이룰 수 있다고 설명합니다.,,없음,,,,sources/youtube/01-growth.md#1zBpozANCR0
ccyjOcYcmqQ,YouTube 영상,왜 빨리 배우는 것이 당신을 더 성공적으로 만드는가 (나를 따라해 보세요),Dan Martell,https://www.youtube.com/watch?v=ccyjOcYcmqQ,"성장을 위한 / 학습, 배움",학습·생각·글쓰기 / 고객·설득·브랜드 / 실행·지속·회복,자막 기반 요약,"성공을 앞당기기 위해서는 단순히 지식을 습득하는 것이 아니라, 명확한 목표 설정과 기술 트리 매핑을 통해 학습 속도를 10배 높여야 합니다. 배운 내용을 타인에게 가르치고 피드백을 수용하는 과정을 통해 지식을 완전히 자신의 것으로 만드는 것이 핵심입니다.",,없음,,,,sources/youtube/01-growth.md#ccyjOcYcmqQ
_1XhDHwRg0I,YouTube 영상,이 13권의 책 덕분에 저는 수백만장자 CEO가 되었습니다.,Dan Martell,https://www.youtube.com/watch?v=_1XhDHwRg0I,성장을 위한,학습·생각·글쓰기 / 고객·설득·브랜드 / 실행·지속·회복,영상 직접 분석,"댄 마텔은 1억 달러 규모의 비즈니스 제국을 건설하는 데 결정적인 도움을 준 13권의 필독서를 소개합니다. 부의 마인드셋부터 생산성, 사업 확장 및 자산 보호까지 인생의 단계별로 필요한 지혜를 강조합니다.",,없음,,,,sources/youtube/01-growth.md#_1XhDHwRg0I
jffXuIy-iVs,YouTube 영상,성공하기 위해 꼭 갖춰야 할 6가지 기술,Dan Martell,https://www.youtube.com/watch?v=jffXuIy-iVs,성장을 위한,고객·설득·브랜드 / 실행·지속·회복 / 가치·관계·삶,영상 직접 분석,"성공의 핵심인 존중을 얻기 위해 즉각적인 소통과 외모 관리, 확신 있는 태도가 중요함을 강조합니다. 타인의 시선보다 자신의 가치관에 집중하며 일관된 진정성을 유지하는 것이 존중받는 삶의 비결입니다.",,없음,,,,sources/youtube/01-growth.md#jffXuIy-iVs
G5Nqcu9tyqQ,YouTube 영상,빚300억에서 자산7조를 만든 ‘한마디’ 💵,1%의성장,https://www.youtube.com/watch?v=G5Nqcu9tyqQ,성장을 위한,고객·설득·브랜드 / 가치·관계·삶,자막 기반 요약,막대한 부채를 극복하고 수조 원 가치의 기업을 일궈낸 자산가는 성공의 핵심으로 관계와 경청을 꼽았습니다. 주변에 똑똑하고 성공한 사람들을 두며 그들의 목소리에 귀를 기울이는 태도가 비즈니스의 성패를 결정한다고 강조합니다.,,없음,,,,sources/youtube/01-growth.md#G5Nqcu9tyqQ
8lakAE_AZM0,YouTube 영상,꿈의 사업을 만드는 방법 (feat. Gary Vee & Patrick Bet-David),Dan Martell,https://www.youtube.com/watch?v=8lakAE_AZM0,성장을 위한,고객·설득·브랜드 / 실행·지속·회복 / 가치·관계·삶,영상 직접 분석,"꿈의 사업을 구축하려면 타인이 과하다고 느낄 정도의 집착과 장기적인 목표에 맞춘 삶의 설계가 필요합니다. 멘토링과 비즈니스 실행 순서의 중요성을 강조하며, 자신의 아픔을 치유하고 타인을 돕는 과정이 진정한 성공임을 보여줍니다.",,없음,,,,sources/youtube/01-growth.md#8lakAE_AZM0
teugguggmuc,YouTube 영상,Scale AI 창업자 알렉산더 왕,BZCF | 비즈까페,https://www.youtube.com/watch?v=teugguggmuc,성장을 위한,고객·설득·브랜드 / 실행·지속·회복,자막 기반 요약,알렉산더 왕은 성공의 핵심 요소로 업무에 대한 깊은 애정과 영혼을 담은 몰입도를 꼽습니다. 이러한 태도는 기업이 더 빠르게 학습하고 변화에 적응하며 성과를 내는 원동력이 됩니다.,,없음,,,,sources/youtube/01-growth.md#teugguggmuc
fXyRprdoEoE,YouTube 영상,목표를 실제로 달성하기 위한 시스템을 구축하는 방법,Justin Sung,https://www.youtube.com/watch?v=fXyRprdoEoE,성장을 위한,학습·생각·글쓰기 / 실행·지속·회복,영상 직접 분석,"의지력이나 동기부여에 의존하기보다 목표 달성을 위한 자동화된 프로세스를 구축하는 '시스템 사고'의 중요성을 강조합니다. 전체론적 관점, 반복 가능성, 근본 원인 해결이라는 세 가지 원칙을 통해 바쁜 일상 속에서도 지속 가능한 성장을 이룰 수 있습니다.","이전 영상 분석 응답은 Justin Sung이 의지력 의존을 줄이는 과정, 반복 가능성, 임시방편 대신 근본 원인을 다루는 방식을 강조한다고 정리했다. 이번에는 원 분석 응답의 VIDEO 입력 기록만 확인했다.",기존 영상 분석 응답만 검토,레퍼런스 운영을 거창한 자동화부터 시작하지 않고 ‘한 편 선택 → 내 질문 한 줄 → 근거 위치 한 개 → 내 사례 또는 빈칸’ 정도의 최소 반복으로 시험할 수 있다. 도구를 늘려도 이 한 번의 전환이 안 되면 병목은 도구 밖에 있을 수 있다는 가설을 세운다.,최소 행동의 크기와 루틴은 개인·시기별로 달라진다. 시스템 구축 자체가 또 다른 준비 작업이 되지 않게 실제 글 한 편에 연결해 본다. 위의 네 단계는 화자가 제시한 절차가 아니라 이 문서의 적용 제안이다.,"내가 가장 바쁜 날에도 남길 수 있는 글감의 최소 단위는 무엇이며, 그 단위를 막는 실제 장애물은 무엇인가?",sources/youtube/01-growth.md#fXyRprdoEoE
MD46WoafgSw,YouTube 영상,사자처럼 일하라,성공한스푼,https://www.youtube.com/watch?v=MD46WoafgSw,성장을 위한,실행·지속·회복,자막 기반 요약,화자는 사자나 운동선수처럼 평소에는 충분히 휴식하다가 중요한 일에 몰입하는 삶의 방식을 강조합니다. 기계적인 규칙에 얽매이기보다 자유로운 상태에서 영감을 얻고 에너지를 쏟는 것이 더 효율적이라고 주장합니다.,,없음,,,,sources/youtube/01-growth.md#MD46WoafgSw
U4PsIm9dDvs,YouTube 영상,넌 똑똑한 아이였어. 그런데 왜 지금은 이렇게 길을 잃은 기분이 드는 거야?,Let's Talk Psychology Podcast,https://www.youtube.com/watch?v=U4PsIm9dDvs,성장을 위한,학습·생각·글쓰기 / 실행·지속·회복 / 가치·관계·삶,영상 직접 분석,"어린 시절 '똑똑함'을 정체성으로 삼았던 아이들이 성인이 되어 겪는 고립감과 심리적 어려움의 원인을 분석합니다. 실패를 두려워하며 도전을 피하는 악순환을 끊고, 성장을 지향하는 새로운 정체성을 형성할 것을 강조합니다.",,없음,,,,sources/youtube/01-growth.md#U4PsIm9dDvs
dCHGoXBlReM,YouTube 영상,성공하려면 바꿔라 🤫,1%의성장,https://www.youtube.com/watch?v=dCHGoXBlReM,성장을 위한,고객·설득·브랜드 / 실행·지속·회복 / 가치·관계·삶,영상 직접 분석,"필립 화이트는 성공을 위해 자신이 가장 똑똑할 필요는 없으며, 주변의 현명한 사람들을 활용하고 경청하는 태도가 중요하다고 강조합니다. 또한 타인의 의심에 흔들리지 않고 자신의 비전을 끝까지 밀고 나가는 정신력을 성공의 핵심으로 꼽습니다.",,없음,,,,sources/youtube/01-growth.md#dCHGoXBlReM
2mFfSRq3ao8,YouTube 영상,내가 노력을 안 했던 이유,주언규 joo earn gyu,https://www.youtube.com/watch?v=2mFfSRq3ao8,"성장을 위한 / 인생수업, 위기의 때",학습·생각·글쓰기 / 실행·지속·회복,영상 직접 분석,노력은 억지로 쥐어짜는 것이 아니라 확신의 크기에 비례하여 자연스럽게 발생하는 결과입니다. 무작정 노력하기보다 확신을 키우는 시도를 먼저 하는 것이 성공의 핵심이라고 화자는 주장합니다.,,없음,,,,sources/youtube/01-growth.md#2mFfSRq3ao8
XtQEoXJW9bw,YouTube 영상,날 우울하게 만드는 것들,주언규 joo earn gyu,https://www.youtube.com/watch?v=XtQEoXJW9bw,"성장을 위한 / 인생수업, 위기의 때",학습·생각·글쓰기 / 실행·지속·회복,영상 직접 분석,"화자는 만성 우울증을 극복한 경험을 바탕으로 우울함을 유발하는 다섯 가지 상황을 분석합니다. 이를 해결하기 위해 자신의 상태를 직접 써보고, 때로는 힘든 상황에서 도망치는 것도 방법이라고 조언합니다.",,없음,,,,sources/youtube/01-growth.md#XtQEoXJW9bw
kWY9mNMz4iI,YouTube 영상,워런 버핏이 말하는 '진정한 성공',내일은 투자왕 - 김단테,https://www.youtube.com/watch?v=kWY9mNMz4iI,"성장을 위한 / 학습, 배움",학습·생각·글쓰기 / 고객·설득·브랜드 / 가치·관계·삶,영상 직접 분석,"워런 버핏은 진정한 성공을 사랑받는 것으로 정의하며, 자신에 대한 투자와 올바른 관계 맺기의 중요성을 강조합니다. 특히 의사소통 능력 향상과 건강한 심신 관리가 인생의 가치를 높이는 핵심이라고 조언합니다.",,없음,,,,sources/youtube/01-growth.md#kWY9mNMz4iI
X_fZwFso2JE,YouTube 영상,박진영이 말하는 재능있는사람 이기는 방법,꿀딸기,https://www.youtube.com/watch?v=X_fZwFso2JE,성장을 위한,실행·지속·회복,영상 직접 분석,박진영은 매일 반복되는 지루함을 이겨내는 성실함이 성공의 핵심이라고 강조합니다. 타고난 재능이 있는 사람도 꾸준함이 없다면 장기적으로는 성실한 사람을 이길 수 없다고 말합니다.,,없음,,,,sources/youtube/01-growth.md#X_fZwFso2JE
gdpjWRd3-T8,YouTube 영상,헬창들이 주 1회는 꼭 해야 되는 동작,짐토크 GYM TALK,https://www.youtube.com/watch?v=gdpjWRd3-T8,성장을 위한,별도 확인·배경,영상 직접 분석,"근육 고립 운동에만 치중하면 신체 기능성이 저하될 수 있으므로 주 1회 복합 기능성 운동이 필요합니다. 영상의 동작은 엉덩이, 어깨, 코어 등 전신 근육과 균형 감각을 동시에 활성화하는 데 효과적입니다.",,없음,,,,sources/youtube/01-growth.md#gdpjWRd3-T8
xMHi0yBNr6k,YouTube 영상,해결해야 할 문제에 집중하기,코워크시티,https://www.youtube.com/watch?v=xMHi0yBNr6k,성장을 위한,고객·설득·브랜드 / 실행·지속·회복 / 가치·관계·삶,영상 직접 분석,마크 큐반은 사업에서 좋은 소식보다 나쁜 소식을 먼저 듣는 것을 선호한다고 강조합니다. 이는 발생한 문제와 장애물을 정확히 파악해야 실질적인 도움을 줄 수 있기 때문입니다.,이전 영상 분석 응답은 마크 큐반이 좋은 소식보다 나쁜 소식을 먼저 듣고 장애물을 알아야 실질적으로 도울 수 있다고 말한다고 정리했다. 이번에는 해당 짧은 영상의 원 분석 응답을 확인했으며 실제 발언은 재시청하지 않았다.,기존 영상 분석 응답만 검토,"후기나 업무 글을 ‘무엇을 달성했다’에서만 시작하지 않고 ‘어디서 막혔고, 무슨 정보나 도움이 부족했는가’에서 시작하면 독자가 자신의 문제와 연결하기 쉽다. 막힘 → 시도 → 결과 → 남은 질문의 흐름은 현장 사례를 쓰는 편집 제안이다.",나쁜 소식을 들었을 때 비난하는 환경에서는 솔직한 보고를 요구하는 것만으로 작동하지 않는다. 좋은 결과가 생긴 조건도 학습 자료다. 고객·팀의 실제 사례가 없으면 경험담을 만들어 쓰지 말고 질문형 글로 남긴다.,"최근 순조롭게 보이던 일에서 실제로 가장 막혔던 단계는 무엇이며, 그때 필요한 도움을 한 문장으로 말할 수 있는가?",sources/youtube/01-growth.md#xMHi0yBNr6k
cxIwfWqSFMM,YouTube 영상,실행하는 사람의 중요성 | 스티브 잡스,코워크시티,https://www.youtube.com/watch?v=cxIwfWqSFMM,성장을 위한,고객·설득·브랜드 / 실행·지속·회복,영상 직접 분석,"스티브 잡스는 진정으로 세상을 바꾸는 사람은 사고와 실행을 동시에 하는 사람이라고 강조합니다. 레오나르도 다빈치처럼 예술과 과학, 생각과 행동을 결합할 때 비로소 탁월한 결과가 나타납니다.",,없음,,,,sources/youtube/01-growth.md#cxIwfWqSFMM
'-J67gSxjY2M,YouTube 영상,고통 스러운 일들 (손주은),BZCF | 비즈까페,https://www.youtube.com/watch?v=-J67gSxjY2M,성장을 위한,실행·지속·회복 / 가치·관계·삶,자막 기반 요약,손주은 회장은 쉽고 재미있는 일보다 고통스럽고 힘든 일이 인생에서 더 가치 있다고 강조합니다. 진정한 환희와 의미를 찾기 위해서는 고통을 선택할 줄 아는 지혜가 필요하다고 조언합니다.,,없음,,,,sources/youtube/01-growth.md#-J67gSxjY2M
lifH81bxQSs,YouTube 영상,“여행 말고 유학을 가세요” 이건희 회장에게 배운 이 시대에 필요한 새로운 학습법 (feat. 상하이),소울정,https://www.youtube.com/watch?v=lifH81bxQSs,성장을 위한,학습·생각·글쓰기 / 실행·지속·회복,영상 직접 분석,"낯선 도시를 방문해 새로운 전공을 찾는 '윤소정식 유학법'을 소개하며, 이건희 회장의 학습 철학을 바탕으로 한 실천 방안을 제시합니다. 역사, 경험, 생각이라는 세 가지 키워드를 통해 단순한 여행을 넘어선 깊이 있는 성장을 강조합니다.",,없음,,,,sources/youtube/01-growth.md#lifH81bxQSs
wNn-pdrW2AY,YouTube 영상,기독교 생산성이란 무엇인가?,Redeeming Productivity,https://www.youtube.com/watch?v=wNn-pdrW2AY,성장을 위한,실행·지속·회복 / 가치·관계·삶,자막 기반 요약,"기독교적 생산성은 자기만족이 아닌 하나님의 영광을 위해 그분의 능력으로 선한 열매를 맺는 청지기적 삶을 의미합니다. 이는 단순히 효율성을 높이는 기술을 넘어, 하나님께 속한 자로서 영원한 가치를 위해 부름받은 사명에 집중하는 것입니다.",,없음,,,,sources/youtube/01-growth.md#wNn-pdrW2AY
TtS8DE8NA4A,YouTube 영상,모두가 알지만 불편한 진실.,Intelligence,https://www.youtube.com/watch?v=TtS8DE8NA4A,성장을 위한,고객·설득·브랜드 / 가치·관계·삶,영상 직접 분석,직장에서 가장 높은 보상을 받는 사람은 단순히 똑똑한 사람이 아니라 동료들에게 호감을 얻는 인기 있는 사람입니다. 업무 생산성을 조금 희생하더라도 관계 형성에 투자하는 것이 장기적인 성공에 더 유리합니다.,,없음,,,,sources/youtube/01-growth.md#TtS8DE8NA4A
5iAhGG1-0_o,YouTube 영상,일주일만 이렇게 사세요! 인생이 달라집니다 (디쉐어 현승원 의장),주언규 joo earn gyu,https://www.youtube.com/watch?v=5iAhGG1-0_o,성장을 위한,고객·설득·브랜드 / 실행·지속·회복 / 가치·관계·삶,자막 기반 요약,현승원 의장은 성공 후의 허무함을 극복하기 위해 신학을 공부하며 얻은 깨달음과 몰입의 중요성을 강조합니다. 인생의 성장은 선형적이지 않으므로 임계점을 넘을 때까지 보상을 미루고 철저히 계획하며 인내할 것을 권장합니다.,,없음,,,,sources/youtube/01-growth.md#5iAhGG1-0_o
MwA1kdhgpfM,YouTube 영상,일론 머스크가 길을 잃은 사람들에게…,미엠지 Me:MZ,https://www.youtube.com/watch?v=MwA1kdhgpfM,성장을 위한,가치·관계·삶,자막 기반 요약,일론 머스크는 삶이 단순히 당면한 문제를 해결하는 것을 넘어 인류에게 영감을 주는 가치를 추구해야 한다고 말합니다. 그는 지구가 인류의 요람이지만 이제는 우주로 나아가 인간 의식의 지평을 넓혀야 할 때임을 강조합니다.,,없음,,,,sources/youtube/01-growth.md#MwA1kdhgpfM
RpU-T6LdKac,YouTube 영상,인생은 기준 싸움이다,주언규 joo earn gyu,https://www.youtube.com/watch?v=RpU-T6LdKac,성장을 위한,실행·지속·회복 / 가치·관계·삶,자막 기반 요약,어떤 일이든 끝까지 완수하는 경험을 통해 세상을 바라보는 자신만의 기준과 렌즈를 형성해야 합니다. 어린 시절부터 포기하지 않고 끝까지 가보는 경험을 쌓아야 중도 포기가 습관이 되는 것을 방지할 수 있습니다.,,없음,,,,sources/youtube/01-growth.md#RpU-T6LdKac
YbLuN90buZs,YouTube 영상,인생이 공평하길 기대하지 마라.,Intelligence,https://www.youtube.com/watch?v=YbLuN90buZs,성장을 위한,가치·관계·삶,자막 기반 요약,80세 노인의 지혜를 통해 인생의 행복과 성공을 결정하는 핵심적인 태도들을 소개합니다. 배우자 선택의 중요성과 대인관계 능력이 삶의 질에 미치는 결정적인 영향을 강조합니다.,,없음,,,,sources/youtube/01-growth.md#YbLuN90buZs
pW2UVmksoxU,YouTube 영상,사람의 말보다 반응이 더 정확한 이유🤫,미엠지 Me:MZ,https://www.youtube.com/watch?v=pW2UVmksoxU,성장을 위한,가치·관계·삶,영상 직접 분석,로스 제프리스는 여성이 말로 표현하는 이상형과 실제로 반응하는 남성상이 다르다고 주장합니다. 그는 무조건 맞춰주는 태도보다 예측 불가능하고 도전적인 태도가 이성에게 더 큰 매력을 준다고 강조합니다.,,없음,,,,sources/youtube/01-growth.md#pW2UVmksoxU
MqXwnT9hNy4,YouTube 영상,가치있는 걸 얻고 싶다면 어려움과 친해져라,성공한스푼,https://www.youtube.com/watch?v=MqXwnT9hNy4,성장을 위한,고객·설득·브랜드 / 실행·지속·회복,영상 직접 분석,"가치 있는 모든 일은 본질적으로 어렵다는 사실을 인정해야 합니다. 사랑, 건강, 부를 얻기 위해서는 그 과정의 고통과 어려움을 기꺼이 받아들이는 태도가 필요합니다.",,없음,,,,sources/youtube/01-growth.md#MqXwnT9hNy4
6EOvYoa8SnA,YouTube 영상,상위 1%만 아는 종이 한 장의 기적.,Intelligence,https://www.youtube.com/watch?v=6EOvYoa8SnA,성장을 위한,학습·생각·글쓰기 / 실행·지속·회복,영상 직접 분석,"브라이언 트레이시는 12개월 내 이룰 10가지 목표를 현재형으로 적고, 그중 가장 영향력 있는 하나를 골라 집중하라고 조언합니다. 구체적인 마감 기한과 체크리스트를 만들어 매일 실천하는 것이 성공의 핵심입니다.",,없음,,,,sources/youtube/01-growth.md#6EOvYoa8SnA
c0Ez9Uvt7gg,YouTube 영상,트럼프 까는 노잼 코미디언 디스,Mic On Korea,https://www.youtube.com/watch?v=c0Ez9Uvt7gg,성장을 위한,가치·관계·삶,자막 기반 요약,트럼프의 예측 불가능한 행보는 코미디의 기준선을 무너뜨려 오히려 풍자를 어렵게 만듭니다. 분노에만 매몰된 코미디언은 유머라는 가장 강력한 무기를 잃고 권력에 대항하는 진정한 힘을 상실하게 됩니다.,,없음,,,,sources/youtube/01-growth.md#c0Ez9Uvt7gg
T-UKgR8nZjU,YouTube 영상,고석현의 마인드셋부터 잡아주는 전챔피언 타이론 우들리ㄷㄷ👑😲 #ufc #mma, 빌랜드,https://www.youtube.com/watch?v=T-UKgR8nZjU,성장을 위한,실행·지속·회복 / 가치·관계·삶,자막 기반 요약,전 UFC 챔피언 타이론 우들리가 선수들에게 승리를 향한 태도와 훈련의 강도를 높일 것을 강조합니다. 그는 체육관에서의 헌신과 일상에서의 철저한 자기관리가 상대를 압도하는 비결이라고 조언합니다.,,없음,,,,sources/youtube/01-growth.md#T-UKgR8nZjU
Ez_CK2k18_A,YouTube 영상,우들리가 고석현에게 진심이었던 이유🙏 #ufc #mma, 빌랜드,https://www.youtube.com/watch?v=Ez_CK2k18_A,성장을 위한,가치·관계·삶,자막 기반 요약,전 UFC 챔피언 타이론 우들리가 고석현 선수에게 전수한 훈련 철학과 그를 돕게 된 특별한 동기를 소개합니다. 우들리는 신의 부름이라는 사명감을 바탕으로 자신의 한계를 넘어서는 정신력의 중요성을 강조했습니다.,,없음,,,,sources/youtube/01-growth.md#Ez_CK2k18_A
2Em0AhYDFcM,YouTube 영상,맷 데이먼이 더 이상 남의 시선을 신경 쓰지 않는 이유..ㄷㄷ #오디세이 #영어회화,잉글리시엉클,https://www.youtube.com/watch?v=2Em0AhYDFcM,성장을 위한,실행·지속·회복 / 가치·관계·삶,자막 기반 요약,맷 데이먼은 배역이 겹친다는 이유로 영화 '마션' 출연을 거절하려 했으나 리들리 스콧 감독의 조언으로 마음을 바꿨습니다. 그는 타인이 자신에게 생각보다 무관심하다는 사실을 깨닫고 남의 시선을 의식하지 않게 되었습니다.,,없음,,,,sources/youtube/01-growth.md#2Em0AhYDFcM
sQYQgiHVyAM,YouTube 영상,뭐든 제대로 이해하는 방법,돈공-돈버는공식,https://www.youtube.com/watch?v=sQYQgiHVyAM,"학습, 배움",학습·생각·글쓰기 / 실행·지속·회복 / 가치·관계·삶,자막 기반 요약·품질 주의,"영상은 파인만 학습법을 주제 선택, 설명문 작성, 다시 배우기, 재정리의 반복으로 소개한다. 설명 중 막히는 부분을 찾아 자료로 돌아가고, 책을 보지 않은 채 설명하며 이해 여부를 점검하라고 제안한다.",,없음,,,,sources/youtube/02-learning.md#sQYQgiHVyAM
Vl7K_kqvFiU,YouTube 영상,배우는 즉시 내 것으로 만드는 3가지 방법,돈공-돈버는공식,https://www.youtube.com/watch?v=Vl7K_kqvFiU,"학습, 배움",학습·생각·글쓰기 / 실행·지속·회복,자막 기반 요약·품질 주의,"배운 지식을 즉시 활용하는 피드백 루프를 구축하여 학습 효율을 극대화하는 실전 전략을 제시합니다. 약점 집중 공략, 실전 우선 학습, 자가 테스트라는 세 가지 방법을 통해 지식을 온전히 내 것으로 만들 수 있습니다.",한국어 해설은 언어·프로그래밍·글쓰기를 배운 즉시 써보는 피드백 루프와 약한 부분을 떼어 연습하는 방법을 권한다. 모든 것을 미리 준비하기보다 실전에서 부족함을 발견해 돌아가 학습하는 사례를 제시한다.,자막·캡션 구간 직접 대조,"레퍼런스 열 편을 정리한 뒤 쓰려고 기다리는 대신, 한 편을 읽은 뒤 설명 한 문단을 써보고 가장 막힌 지점 하나를 다음 읽기의 질문으로 정할 수 있다. 글쓰기에서 약점은 ‘잘 못 쓴다’가 아니라 도입·예시·근거·마무리 중 특정 부분으로 좁혀 본다.",오류 비용이 낮은 연습·초안에 먼저 적용한다. 고객에게 보내는 사실 설명이나 전문 조언을 미검증 상태로 공개하는 근거로 쓰지 않는다. 실전 우선이 기본기나 필요한 안전 지식을 생략하라는 뜻은 아니다.,지난번 글 한 편에서 가장 오래 멈춘 곳은 어느 문단이었는가? 그 부분만 연습하려면 어떤 작은 과제를 만들 수 있는가?,sources/youtube/02-learning.md#Vl7K_kqvFiU
vNO7YfQF8-o,YouTube 영상,나이 들수록 뇌를 더 빠르게 쓸 수 있는 방법,돈공-돈버는공식,https://www.youtube.com/watch?v=vNO7YfQF8-o,"학습, 배움",학습·생각·글쓰기 / 실행·지속·회복 / 별도 확인·배경,영상 직접 분석,"성인 뇌의 가소성도 어린 시절만큼 활발해질 수 있으며, 특정 인식에 집중할 때 분비되는 아세틸콜린이 뇌의 변화를 이끕니다. 시각적 집중을 통해 정신적 집중을 유도하고 생리적 한숨으로 긴장을 조절하면 학습 효율을 극대화할 수 있습니다.",,없음,,,,sources/youtube/02-learning.md#vNO7YfQF8-o
Hq8wPiPiOx8,YouTube 영상,"노력한 만큼 결과가 안나온다면, 당장 이 영상을 보셔야 합니다. | 학습법 | 자기계발 | 공부",북토크,https://www.youtube.com/watch?v=Hq8wPiPiOx8,"학습, 배움",학습·생각·글쓰기 / 실행·지속·회복,자막 기반 요약,단순히 반복해서 읽는 수동적 학습에서 벗어나 뇌를 효율적으로 활용하는 진짜 공부법을 익혀야 합니다. 인출 연습과 시간 간격 전략을 통해 학습 효율을 극대화하고 지식을 장기 기억으로 전환할 수 있습니다.,"영상 한국어 해설은 읽고 듣기만 반복하면 안다고 느끼기 쉽지만, 자료를 보지 않고 설명하거나 써 보면 실제로 꺼낼 수 있는 내용이 드러난다고 말한다. 시험 보기를 인출 연습의 한 방식으로 소개한다.",자막·캡션 구간 직접 대조,초안을 쓰기 전 원문을 잠시 닫고 핵심 주장·근거·의문을 세 줄로 써 보면 자신에게 남은 것이 보인다. 그 뒤 원문을 다시 열어 틀린 부분을 수정한다. 이를 자기 말로 소화하는 단계로 쓰면 요약문의 표현을 그대로 좇는 일을 줄일 수 있다.,"기억만으로 출처나 정확한 수치를 복원하지 않는다. 최초의 기억 초안은 가설이며, 게시 전 원문 대조가 뒤따라야 한다. 시간 간격·포모도로·뇌 기전에 관한 효과 주장은 이번 인사이트에서 확인하지 않았다.",원문을 닫고 쓴 세 줄과 원문을 다시 보고 고친 세 줄은 어떻게 달랐는가?,sources/youtube/02-learning.md#Hq8wPiPiOx8
ZcFY-7UYuEA,YouTube 영상,단기간에 암기를 잘하는 법 | 7개월만에 의대 합격한 비법 (feat. 장기기억 강화),닥터시바하우스 / Dr. shiba house,https://www.youtube.com/watch?v=ZcFY-7UYuEA,"학습, 배움",학습·생각·글쓰기 / 실행·지속·회복,자막 기반 요약,"암기는 정보를 입력하는 것이 아니라 뇌에서 끄집어내는 인출 과정이며, 이 반복적 자극이 단기 기억을 장기 기억으로 전환합니다. 시각, 청각, 촉각 등 다중 감각을 동시에 활용하여 키워드를 설명하는 방식이 단기 합격의 핵심 비법입니다.",,없음,,,,sources/youtube/02-learning.md#ZcFY-7UYuEA
pEs-XsVUGKM,YouTube 영상,[#유퀴즈온더블럭] 서울대 교수님이 직접 알려주는 서울대생 공부법📚 교수님의 팩폭으로 얼떨결에 과거 사찰당한 유재석X조세호ㅋㅋ😂 | #Diggle #갓구운클립,tvN D ENT,https://www.youtube.com/watch?v=pEs-XsVUGKM,"학습, 배움",학습·생각·글쓰기 / 실행·지속·회복,자막 기반 요약,서울대 교수와 의대생이 출연하여 절대적인 시간 투자와 엉덩이의 힘을 강조하는 서울대식 공부 비결을 공개합니다. 완벽주의 대신 전체를 훑는 습관과 문제를 통해 아는 것을 확인하는 메타인지 학습법의 중요성을 제안합니다.,,없음,,,,sources/youtube/02-learning.md#pEs-XsVUGKM
vnDaHldRKu4,YouTube 영상,이 3가지만 기억하세요. 지금보다 무조건 똑똑해질 수 있습니다 (박문호 뇌과학자),스터디언,https://www.youtube.com/watch?v=vnDaHldRKu4,"학습, 배움",학습·생각·글쓰기,자막 기반 요약,"박문호 박사는 지식을 효율적으로 습득하고 고도화하기 위한 세 가지 핵심 프레임으로 대칭화, 모듈화, 순서화를 제시합니다. 복잡한 정보를 단순화하고 체계적으로 구조화함으로써 뇌의 부담을 줄이고 지식의 활용도를 극대화할 수 있다고 강조합니다.",,없음,,,,sources/youtube/02-learning.md#vnDaHldRKu4
o8x6ulAe6Xg,YouTube 영상,책이 통째로 외워지는 공부법. 9개월 만에 사법고시 합격한 이윤규 변호사의 공부 비법 대공개!,김교수의 세 가지,https://www.youtube.com/watch?v=o8x6ulAe6Xg,"학습, 배움",학습·생각·글쓰기 / 실행·지속·회복,자막 기반 요약,이윤규 변호사는 책의 전체적인 형상을 먼저 파악하고 저자와 소통하며 질문을 던지는 효율적인 회독 공부법을 강조합니다. 게임 연습생 시절의 분석적 태도를 공부에 접목하여 단기간에 사법고시를 합격한 경험과 구체적인 시험 전략을 공유합니다.,,없음,,,,sources/youtube/02-learning.md#o8x6ulAe6Xg
wxbsWdGudcY,YouTube 영상,"이 2가지를 깨닫기 전까진, 절대 포기하면 안됩니다.",범작가,https://www.youtube.com/watch?v=wxbsWdGudcY,"학습, 배움",학습·생각·글쓰기 / 실행·지속·회복,자막 기반 요약,목표 달성을 위해 자신감과 실행력을 넘어 본질을 꿰뚫는 통찰력과 자만하지 않는 본질 강화의 과정이 필수적입니다. 공부하는 시기를 인내심을 기르고 인생의 핵심 퀘스트를 해결하는 훈련의 기회로 삼아야 한다고 화자는 강조합니다.,,없음,,,,sources/youtube/02-learning.md#wxbsWdGudcY
fMyHGqQd804,YouTube 영상,저는 이 공부법으로 의사가 되었습니다. 딱 2주만 따라하시면 됩니다.,이상욱의 진료실 밖 처방전,https://www.youtube.com/watch?v=fMyHGqQd804,"학습, 배움",학습·생각·글쓰기 / 실행·지속·회복,자막 기반 요약,1-4-7-14-30 주기로 반복 복습하여 학습 내용을 장기 기억으로 전환하는 효율적인 공부 전략을 제시합니다. 처음 2주 동안 하루 3시간씩 실천하며 자신만의 복습 표시 시스템을 구축하는 것이 핵심입니다.,,없음,,,,sources/youtube/02-learning.md#fMyHGqQd804
qrpyswoATQ8,YouTube 영상,천재들이 어려운 개념을 빠르게 배우는 학습법,노마드 코더 Nomad Coders,https://www.youtube.com/watch?v=qrpyswoATQ8,"학습, 배움",학습·생각·글쓰기 / 실행·지속·회복,자막 기반 요약,리처드 파인만의 학습법은 복잡한 개념을 아이에게 설명하듯 쉬운 언어로 풀어내며 자신의 지식 공백을 찾아내는 기술입니다. 이 과정을 반복함으로써 단순 암기가 아닌 원리에 대한 깊은 이해에 도달하고 학습을 즐거운 탐구 과정으로 바꿀 수 있습니다.,"노마드 코더는 개념을 조사한 뒤 어린 독자에게 설명하듯 쓰고, 어려운 말에 의존한 부분과 답하지 못한 ‘왜’를 찾아 다시 조사하라고 설명한다. 자막에는 설명을 다시 쓰는 반복 과정과 블록체인 비유 예시가 있다.",자막·캡션 구간 직접 대조,"배운 것을 바로 완성된 교육 콘텐츠로 내기보다 ‘설명 초안 → 내가 막힌 말 → 확인한 근거 → 고친 설명’의 전후 차이를 남기면 학습 기록 자체가 글감이 된다. 가르치는 사람이 처음부터 다 알았다는 연출보다, 자신이 어디서 잘못 이해했는지를 보여 주는 구조다.","쉬운 비유가 정확한 이해의 충분조건은 아니다. 비유가 빠뜨린 조건을 한 줄 덧붙이고, 전문 개념은 공식 문서나 원자료로 점검한다. 영상에서 파인만에게 귀속한 문구의 역사적 원출처까지 확인한 것은 아니다.",나는 이 개념을 설명할 때 어떤 전문 용어 하나에 기대어 이해한 척했는가? 그 말을 빼고 다시 쓰면 어디서 막히는가?,sources/youtube/02-learning.md#qrpyswoATQ8
CNrzvdcU9SE,YouTube 영상,한국에서 발견된 특이한 공부 습관? 서울대가 이 상태라면 더 이상 천재는 없다│해외 한국 교육 반응│다큐프라임│#골라듄다큐,EBSDocumentary (EBS 다큐),https://www.youtube.com/watch?v=CNrzvdcU9SE,"학습, 배움",학습·생각·글쓰기,자막 기반 요약,서울대 우등생들이 교수님의 강의를 토씨 하나 틀리지 않고 받아 적어 암기하는 수용적 학습 태도로 높은 학점을 받는 실태를 조명합니다. 이는 비판적 사고보다 정답 찾기에 치중된 한국 교육 시스템의 한계와 창의성 결여 문제를 시사합니다.,,없음,,,,sources/youtube/02-learning.md#CNrzvdcU9SE
7ZZdqdlkvik,YouTube 영상,"당신의 인생을 바꿔 줄 충격적인 역발상 공부법 (공부법, 암기법, 자격증시험)",곽상빈의 천재혁명,https://www.youtube.com/watch?v=7ZZdqdlkvik,"학습, 배움",학습·생각·글쓰기 / 실행·지속·회복,영상 직접 분석,곽상빈 변호사는 두꺼운 기본서를 버리고 기출문제부터 공략하는 '역발상 공부법'을 제안합니다. 시험에 나오는 핵심 내용에 집중하여 반복 학습함으로써 최단기 합격을 달성할 수 있다고 강조합니다.,,없음,,,,sources/youtube/02-learning.md#7ZZdqdlkvik
1msHbPWJpic,YouTube 영상,언어를 습득하는 유일한 방법,러닝그라운드,https://www.youtube.com/watch?v=1msHbPWJpic,"학습, 배움",학습·생각·글쓰기 / 가치·관계·삶,자막 기반 요약,스티븐 크라센 박사는 언어 습득이 메시지를 이해하는 '이해 가능한 입력'을 통해서만 유일하게 이루어진다고 주장합니다. 말하기는 습득을 위한 연습이 아니라 충분한 입력을 통해 자연스럽게 나타나는 결과물입니다.,,없음,,,,sources/youtube/02-learning.md#1msHbPWJpic
H9xM1VxFiAM,YouTube 영상,"대원외고, 서울대 로스쿨 졸업한 변호사가 말하는 '사소하지만 강력한 인생 꿀팁' (임현서 변호사)",스터디언,https://www.youtube.com/watch?v=H9xM1VxFiAM,"학습, 배움",학습·생각·글쓰기 / 실행·지속·회복,자막 기반 요약,임현서 변호사는 예측 불가능한 일상에서 세밀한 시간 계획보다 '진공 상태'를 채울 명확한 행동 강령과 준비가 중요하다고 강조합니다. 공부를 시작하면 놓지 않는 '로트와일러 학습법'과 감정의 스위치를 끄는 훈련을 통해 삶의 효율과 평온을 얻을 수 있다고 설명합니다.,,없음,,,,sources/youtube/02-learning.md#H9xM1VxFiAM
kbkB2aJ0qgY,YouTube 영상,"""인생 날로 먹지 마"" 대원외고, 서울대 경영, 서울대 로스쿨, 변호사 겸 스타트업 대표 임현서쌤 #찍먹과외 | 연고티비",연고티비,https://www.youtube.com/watch?v=kbkB2aJ0qgY,"학습, 배움",학습·생각·글쓰기 / 고객·설득·브랜드 / 실행·지속·회복,자막 기반 요약,임현서 변호사는 시험의 목적에 부합하는 효율적인 공부 전략과 위기감을 동력으로 삼는 철저한 자기관리법을 제시합니다. 단순히 학벌에 안주하지 말고 세상의 흐름을 읽어 실질적인 부를 창출하는 기술을 익힐 것을 강조합니다.,,없음,,,,sources/youtube/02-learning.md#kbkB2aJ0qgY
MNnTEHv9jgw,YouTube 영상,뇌과학이 말하는 「빨리 배우는 가장 게으른 방법」,심리학 고양이,https://www.youtube.com/watch?v=MNnTEHv9jgw,"학습, 배움",학습·생각·글쓰기 / 별도 확인·배경,자막 기반 요약,"뇌과학적으로 효율적인 학습은 무작정 오래 공부하는 것이 아니라, 뇌가 정보를 고착화할 수 있도록 적절한 휴식과 교차 학습을 병행하는 것입니다. 특히 단순 반복 읽기보다 스스로 퀴즈를 내어 회상하는 과정이 장기 기억 형성에 훨씬 효과적이라고 마이클 교수는 설명합니다.",,없음,,,,sources/youtube/02-learning.md#MNnTEHv9jgw
3NSkk31vFbU,YouTube 영상,Why I'm able to study 4 hours with NO breaks (how to stay productive),Kharma Medic,https://www.youtube.com/watch?v=3NSkk31vFbU,"학습, 배움",학습·생각·글쓰기 / 실행·지속·회복,자막 기반 요약,의대생 유튜버 Nasir가 4시간 동안 휴식 없이 집중하는 공부법과 그 효율성을 설명합니다. 공부 흐름을 깨지 않기 위해 방해 요소를 제거하고 전날 미리 계획하는 것이 핵심입니다.,,없음,,,,sources/youtube/02-learning.md#3NSkk31vFbU
IDB_3S1ezsc,YouTube 영상,My Biggest Studying Mistake - The Feynman Technique,Zach Highley,https://www.youtube.com/watch?v=IDB_3S1ezsc,"학습, 배움",학습·생각·글쓰기 / 실행·지속·회복,자막 기반 요약,"파인만 기법은 복잡한 개념을 어린아이에게 설명하듯 단순화하여 자신의 이해도를 높이는 강력한 학습법입니다. 화자는 이 기법을 제대로 활용하기 위해 사전 이해와 전문 용어 배제, 그리고 장기 기억을 위한 복습 체계의 결합을 강조합니다.",,없음,,,,sources/youtube/02-learning.md#IDB_3S1ezsc
WrEoKuNRgLU,YouTube 영상,"억대 연봉 구글 임원이 말하는, 1살이라도 어릴 때 알아야.. 앞서가는 것들 (MZ 직장인, 프리랜서 꼭 보세요)",커밍쏜,https://www.youtube.com/watch?v=WrEoKuNRgLU,"학습, 배움",고객·설득·브랜드 / 실행·지속·회복 / 가치·관계·삶,자막 기반 요약,"구글 임원 출신 로이스는 성공을 위해 체력, 영어, 네트워크라는 세 가지 핵심 자산을 구축할 것을 강조합니다. 효율적인 시간 관리와 번아웃 예방을 위한 휴식, 그리고 실행을 통한 불안 극복이 성장의 핵심이라고 조언합니다.",,없음,,,,sources/youtube/02-learning.md#WrEoKuNRgLU
ny9tWhuTRoM,YouTube 영상,2백만 달러 짜리 발상전환🤑,미엠지 Me:MZ,https://www.youtube.com/watch?v=ny9tWhuTRoM,"학습, 배움",고객·설득·브랜드,자막 기반 요약,엘리베이터 속도 문제에 대해 기술적 해결 대신 거울을 설치하여 대기 시간의 지루함을 해소한 사례를 소개합니다. 심리적 통찰이 막대한 비용이 드는 기술적 혁신만큼이나 가치 있는 해결책이 될 수 있음을 강조합니다.,,없음,,,,sources/youtube/02-learning.md#ny9tWhuTRoM
HTLJg2Bk_BA,YouTube 영상,한국사 일타강사 최태성 마인드,아는형님 Knowingbros,https://www.youtube.com/watch?v=HTLJg2Bk_BA,"학습, 배움 / 인생수업, 위기의 때",고객·설득·브랜드 / 실행·지속·회복 / 가치·관계·삶,자막 기반 요약,최태성 강사는 가난 때문에 자신의 강의를 듣는다는 학생의 댓글을 보고 큰 책임감을 느꼈다고 회상합니다. 이를 계기로 돈이 있어도 선택할 수밖에 없는 최고의 강의를 만들기 위해 모든 강의를 분석하며 노력했습니다.,,없음,,,,sources/youtube/02-learning.md#HTLJg2Bk_BA
zf1QQRU_4FA,YouTube 영상,The BEST Study Routine for Students (Improve Focus),The Weekly Growth,https://www.youtube.com/watch?v=zf1QQRU_4FA,"학습, 배움",학습·생각·글쓰기 / 실행·지속·회복 / 별도 확인·배경,영상 직접 분석,이 영상은 번아웃을 방지하고 집중력을 극대화하는 효율적인 학습 루틴을 제안합니다. 아침의 황금 시간대를 활용하고 적절한 휴식과 수면을 병행하는 것이 핵심입니다.,,없음,,,,sources/youtube/02-learning.md#zf1QQRU_4FA
Wh1YReojzlk,YouTube 영상,서울대 뚫어버리는 공부법 1가지,전교 1등 재헌이,https://www.youtube.com/watch?v=Wh1YReojzlk,"학습, 배움",학습·생각·글쓰기,자막 기반 요약,서울대 출신 강사가 하위권 학생들을 위해 1등급을 달성할 수 있는 '아웃풋 공부법'을 소개합니다. 자습서를 읽고 기억나는 내용을 노트에 반복해서 적으며 부족한 부분을 보완하는 것이 핵심입니다.,,없음,,,,sources/youtube/02-learning.md#Wh1YReojzlk
hSGt_rhu49U,YouTube 영상,How to Be So Productive it Feels ILLEGAL,Dan Martell,https://www.youtube.com/watch?v=hSGt_rhu49U,"학습, 배움 / 인생수업, 위기의 때",고객·설득·브랜드 / 실행·지속·회복,영상 직접 분석,ADHD를 극복하고 초집중 상태를 유지하기 위한 10가지 생산성 해킹 전략을 제안합니다. 의지력에만 의존하기보다 뇌를 속여 몰입을 유도하는 환경과 습관을 설계하는 것이 핵심입니다.,,없음,,,,sources/youtube/02-learning.md#hSGt_rhu49U
Xsxb7IK5lDA,YouTube 영상,진짜 똑똑한 사람은 이렇게 공부합니다,졸라멘탈,https://www.youtube.com/watch?v=Xsxb7IK5lDA,"학습, 배움",학습·생각·글쓰기 / 실행·지속·회복,영상 직접 분석,"효율적인 학습을 위해 입력보다 출력에 집중하고, 파레토 법칙을 활용해 핵심 20%를 먼저 익히는 것이 중요합니다. 배운 내용을 즉시 남에게 가르치듯 설명하고 주기적으로 복습하면 학습 속도와 기억 지속력을 극대화할 수 있습니다.",,없음,,,,sources/youtube/02-learning.md#Xsxb7IK5lDA
C5OJJD3Eytk,YouTube 영상,"becoming smart is easy, actually","easy, actually",https://www.youtube.com/watch?v=C5OJJD3Eytk,"학습, 배움",학습·생각·글쓰기 / 실행·지속·회복 / 가치·관계·삶,자막 기반 요약,"진정한 똑똑함은 단순히 학위가 아니라 실용적인 지식을 습득하고 이를 실제 상황에 적용하는 능력에서 나옵니다. 독서를 통해 지식을 쌓되, 배운 내용을 즉시 실천하거나 상상 속에서 연습함으로써 뇌가 정보를 기억하게 만드는 것이 핵심입니다.",,없음,,,,sources/youtube/02-learning.md#C5OJJD3Eytk
JpYA7WXkHyI,YouTube 영상,How to be a creative thinker | Carnegie Mellon University Po-Shen Loh,EO,https://www.youtube.com/watch?v=JpYA7WXkHyI,"학습, 배움",학습·생각·글쓰기 / 고객·설득·브랜드 / 제품·창업·AI,영상 직접 분석,포셴 로 교수는 AI 시대에 단순 문제 풀이보다 사고력을 기르는 교육의 중요성을 강조합니다. 그는 수학 전문가와 연기 코치를 결합한 교육 생태계를 통해 학생들이 스스로 생각하는 법을 배우도록 돕습니다.,,없음,,,,sources/youtube/02-learning.md#JpYA7WXkHyI
1xqerXscTsE,YouTube 영상,6 Levels of Thinking Every Student MUST Master,Justin Sung,https://www.youtube.com/watch?v=1xqerXscTsE,"학습, 배움",학습·생각·글쓰기 / 실행·지속·회복,영상 직접 분석,블룸의 교육 목표 분류 체계를 활용해 학습 효율을 높이는 6단계 사고법을 설명합니다. 하위 단계부터 순차적으로 공부하기보다 상위 단계인 '평가'에서 시작해 하위 단계를 자연스럽게 통합하는 전략을 강조합니다.,,없음,,,,sources/youtube/02-learning.md#1xqerXscTsE
dBubRcgQOM8,YouTube 영상,읽은 모든 것을 기억하는 단 2단계 공식,닥터가드너,https://www.youtube.com/watch?v=dBubRcgQOM8,"학습, 배움",학습·생각·글쓰기 / 제품·창업·AI / 실행·지속·회복,영상 직접 분석,학습한 내용의 70%가 하루 만에 잊히는 문제를 해결하기 위해 '소비'와 '소화'로 나뉜 2단계 프레임워크를 제안합니다. 뇌과학적 원리를 바탕으로 정보를 체계적으로 분류하고 연결하여 실질적인 문제 해결 능력을 키우는 방법을 설명합니다.,,없음,,,,sources/youtube/02-learning.md#dBubRcgQOM8
32z8Ax1j-Q4,YouTube 영상,The smartest people have mastered these 6 core skills | Michael Watkins for Big Think+,Big Think 및 Leadership Lessons | Big Think+,https://www.youtube.com/watch?v=32z8Ax1j-Q4,"학습, 배움",학습·생각·글쓰기 / 고객·설득·브랜드 / 실행·지속·회복 / 가치·관계·삶,영상 직접 분석,"전략적 사고는 타고난 자질과 후천적 훈련의 조화로 이루어지며, 누구나 노력을 통해 그 역량을 크게 향상할 수 있습니다. 마이클 왓킨스 교수는 리더가 복잡한 환경에서 올바른 결정을 내리기 위해 갖춰야 할 6가지 핵심 정신 규율을 강조합니다.",,없음,,,,sources/youtube/02-learning.md#32z8Ax1j-Q4
xV6CxfX04yo,YouTube 영상,CIA 스파이처럼 학습 속도 10배 올리는 뇌 훈련법 (쉽고 간단해요) [실제 사용된 방법],일상 속 스파크,https://www.youtube.com/watch?v=xV6CxfX04yo,"학습, 배움",학습·생각·글쓰기 / 실행·지속·회복,영상 직접 분석,CIA가 스파이 훈련에 사용하는 다섯 가지 뇌 해킹 학습법을 통해 학습 속도와 기억력을 높이는 방법을 소개합니다. 세타파 활용부터 기억의 궁전까지 실생활에 적용 가능한 구체적인 훈련 팁을 제시합니다.,,없음,,,,sources/youtube/02-learning.md#xV6CxfX04yo
ntGRhqkXVA0,YouTube 영상,세계 최고의 뇌과학자가 말하는 20배 더 빨리 배우는 법 (앤드류 휴버맨),성공한스푼,https://www.youtube.com/watch?v=ntGRhqkXVA0,"학습, 배움",학습·생각·글쓰기 / 별도 확인·배경,영상 직접 분석,앤드류 휴버맨은 학습 중간에 짧은 휴식을 취하는 것이 학습 속도를 20배 높인다고 설명합니다. 뇌가 휴식 중 학습 내용을 초고속으로 반복 재생하며 기억을 강화하기 때문입니다.,,없음,,,,sources/youtube/02-learning.md#ntGRhqkXVA0
jgzreTGEb4M,YouTube 영상,The 9 Powerful Mental Models Used By History's Greatest Minds,Dante Borgese,https://www.youtube.com/watch?v=jgzreTGEb4M,"학습, 배움",학습·생각·글쓰기 / 실행·지속·회복,영상 직접 분석,이 영상은 역사적 인물들이 사용한 9가지 강력한 생각의 도구인 '멘탈 모델'을 소개합니다. 복잡한 문제를 단순화하고 더 나은 의사결정을 내리기 위한 구체적인 사례와 적용 방법을 설명합니다.,,없음,,,,sources/youtube/02-learning.md#jgzreTGEb4M
OQdkjUM3yks,YouTube 영상,How To Learn Any Skill So Fast It Feels Illegal 🚀,Jim Kwik,https://www.youtube.com/watch?v=OQdkjUM3yks,"학습, 배움",학습·생각·글쓰기 / 실행·지속·회복,영상 직접 분석,"짐 퀵은 뇌의 가소성을 활용해 어떤 기술이든 빠르게 습득할 수 있는 4단계 학습법을 제시합니다. 동기 부여, 집중, 가르치기, 그리고 전략적 연습을 통해 학습 효율을 극대화할 수 있다고 강조합니다.",,없음,,,,sources/youtube/02-learning.md#OQdkjUM3yks
hM2K1Ai3fj4,YouTube 영상,현실을 레벨업하는 5가지 방법 (게임 심리 실전 적용법),졸라멘탈,https://www.youtube.com/watch?v=hM2K1Ai3fj4,"학습, 배움",학습·생각·글쓰기 / 실행·지속·회복,영상 직접 분석,"게임의 몰입 원리를 일상에 적용하여 생산성을 높이는 다섯 가지 심리 장치를 소개합니다. 목표를 퀘스트처럼 쪼개고 성과를 시각화하며, 성장을 돕는 보상과 적절한 난이도 조절로 삶을 게임처럼 즐길 수 있습니다.",,없음,,,,sources/youtube/02-learning.md#hM2K1Ai3fj4
Ml6nXM6dt7I,YouTube 영상,글 잘 쓰는 이들의 공통점은? 대가의 쉽게 읽히고 쉽게 쓰는 글쓰기 방법 총정리!,셜록현준,https://www.youtube.com/watch?v=Ml6nXM6dt7I,"학습, 배움",학습·생각·글쓰기 / 가치·관계·삶,영상 직접 분석,유홍준 교수는 글쓰기의 핵심이 내가 하고 싶은 말이 아닌 남에게 들려주고 싶은 내용을 쓰는 것이라고 강조합니다. 독자를 배려하는 구체적인 문장 기술과 퇴고 방법을 통해 누구나 공감할 수 있는 글을 쓰는 비결을 전합니다.,"이전 영상 분석 응답은 유홍준의 조언을 ‘잠정적 독자를 상정하고, 글을 소리 내어 읽으며 흐름을 점검한다’고 정리했다. 이번에는 해당 발언을 자막이나 직접 시청으로 재확인하지 못했다.",기존 영상 분석 응답만 검토,"생각을 자유롭게 쏟는 초안과 독자의 이해를 돕는 퇴고를 다른 작업으로 두면, 자신의 목소리와 독자 배려를 함께 다룰 수 있다. 자신의 초안에서 독자가 모를 배경·대명사·생략된 인과를 표시해 설명을 보충하는 편집 실험으로 쓸 수 있다.",화자의 문장 규칙을 모든 장르의 금과옥조로 삼지 않는다. 특히 기존 요약의 접속사·조사 관련 세부 처방은 원영상 재확인 전 인용하지 않는다. 직접 인용하거나 유홍준의 확정 발언으로 발표할 때는 아래 두 시점을 먼저 확인한다.,내가 당연히 알아들을 것이라 생각했지만 독자는 모르는 배경이 이 글에 얼마나 들어 있는가?,sources/youtube/02-learning.md#Ml6nXM6dt7I
KbleIwApqu4,YouTube 영상,[EBS] 적는 자가 살아남는다 | 천재들의 노트 습관 | #지식채널e,EBS 지식채널e,https://www.youtube.com/watch?v=KbleIwApqu4,"학습, 배움",학습·생각·글쓰기 / 실행·지속·회복,영상 직접 분석,"역사상 위대한 천재들은 각기 다른 분야에서 활동했지만, 자신의 생각을 종이에 기록하는 공통된 습관을 지녔습니다. 뉴턴, 아인슈타인, 에디슨 등은 자신만의 독특한 노트법을 통해 방대한 지식을 체계화하고 창의적인 성과를 거두었습니다.",,없음,,,,sources/youtube/02-learning.md#KbleIwApqu4
cHCfhY_o8WM,YouTube 영상,샤워하면서도 공부를?,play 채널A,https://www.youtube.com/watch?v=cHCfhY_o8WM,"학습, 배움",학습·생각·글쓰기 / 실행·지속·회복,자막 기반 요약,역사를 재미있게 암기하는 방법과 샤워 시간을 활용한 효율적인 학습 팁을 공유합니다. 학습 내용을 프린트하여 욕실 벽에 붙여두고 씻는 동안 복습하는 것이 머릿속 정리와 암기에 효과적이라고 강조합니다.,,없음,,,,sources/youtube/02-learning.md#cHCfhY_o8WM
lnZ4ZY_024Y,YouTube 영상,하루 15시간 공부? 이렇게 하면 가능합니다,뇌과학 쓸래요?,https://www.youtube.com/watch?v=lnZ4ZY_024Y,"학습, 배움",학습·생각·글쓰기 / 실행·지속·회복 / 별도 확인·배경,영상 직접 분석,"공부체력은 단순한 의지력이 아니라 뇌 에너지, 집중력, 멘탈을 관리하는 시스템의 결과입니다. 하루 최대 15시간의 순공 시간을 확보하기 위해 환경을 정비하고 점진적으로 집중 시간을 늘리는 훈련이 필요합니다.",,없음,,,,sources/youtube/02-learning.md#lnZ4ZY_024Y
qFROrjHyK94,YouTube 영상,The Bible Taught Me How to Manage My Time Better Than Any Self-Help Book,"Lauren Mefford, PhD",https://www.youtube.com/watch?v=qFROrjHyK94,"학습, 배움",실행·지속·회복 / 가치·관계·삶,자막 기반 요약,성경적 시간 관리는 단순한 생산성을 넘어 그리스도 안에 거하며 열매를 맺는 삶을 지향합니다. 작은 일에 충성하는 습관을 통해 자신의 정체성을 그리스도 안에서 새롭게 정의하고 실천할 수 있습니다.,,없음,,,,sources/youtube/02-learning.md#qFROrjHyK94
X9Ek3gRp-Fw,YouTube 영상,"[Full] [특별기획] 다시, 읽기로 - 1부 읽기 도파민",EBSDocumentary (EBS 다큐),https://www.youtube.com/watch?v=X9Ek3gRp-Fw,"학습, 배움",학습·생각·글쓰기 / 가치·관계·삶,자막 기반 요약,디지털 기기에 밀려 읽기 능력이 퇴화하는 현대인들에게 독서의 즐거움을 되찾아주는 다양한 사회적 시도와 변화를 조명합니다. 개인의 고립된 행위를 넘어 소통과 경험으로 확장되는 새로운 독서 문화를 통해 읽기의 가치를 재발견합니다.,,없음,,,,sources/youtube/02-learning.md#X9Ek3gRp-Fw
HytLB3-orIY,YouTube 영상,해외 유학 없이 영어를 유창하게 하는 방법 (CIA가 받는 언어교육법),원빅월드쇼 | One Big World Show | 1BWS,https://www.youtube.com/watch?v=HytLB3-orIY,"학습, 배움",학습·생각·글쓰기 / 실행·지속·회복 / 가치·관계·삶,영상 직접 분석,타일러는 해외에 나가지 않고도 외국어를 유창하게 배울 수 있는 '몰입 교육'의 원리와 효과를 설명합니다. 학습 언어만 사용하도록 환경을 설정하는 것이 언어 습득의 핵심임을 강조하며 구체적인 실천 방안을 제시합니다.,,없음,,,,sources/youtube/02-learning.md#HytLB3-orIY
pwy8npJHPEo,YouTube 영상,언어 천재 트레버의 언어 공부 비법,톡팁,https://www.youtube.com/watch?v=pwy8npJHPEo,"학습, 배움",학습·생각·글쓰기 / 가치·관계·삶,영상 직접 분석,트레버 노아는 언어 학습의 핵심이 리듬을 이해하고 실수에 대한 두려움을 버리는 것이라고 강조합니다. 그는 아이들처럼 억양과 고저를 먼저 모방하며 자연스럽게 언어를 익히는 자신의 비법을 공유합니다.,,없음,,,,sources/youtube/02-learning.md#pwy8npJHPEo
Gtr2NYR6F4A,YouTube 영상,뇌세포 를 자라게 하는 3가지 충격? #shorts,OXVALOR,https://www.youtube.com/watch?v=Gtr2NYR6F4A,"학습, 배움",실행·지속·회복 / 별도 확인·배경,자막 기반 요약,"뇌의 해마에서 새로운 뇌세포 성장을 촉진하기 위해 신체에 의도적인 충격을 주는 세 가지 방법이 소개되었습니다. 단식, 찬물 샤워, 고강도 인터벌 운동은 뇌 유래 신경 영양 인자(BDNF)의 방출을 도와 뇌 건강을 개선합니다.",,없음,,,,sources/youtube/02-learning.md#Gtr2NYR6F4A
Kf1dYpnH-N4,YouTube 영상,6년 걸릴 공부를 3일로 끝내는 법 — OpenAI 연구원이 인터뷰에서 직접 밝혔습니다,AgentOS,https://www.youtube.com/watch?v=Kf1dYpnH-N4,"학습, 배움",학습·생각·글쓰기 / 제품·창업·AI / 실행·지속·회복,영상 직접 분석,"안드레 카파시의 학습 조언을 바탕으로, AI를 활용해 기초부터 배우는 대신 실전 프로젝트에서 필요한 지식을 역으로 파고드는 '탑다운' 학습법의 효용성을 설명합니다. 고졸 학력으로 OpenAI 연구원이 된 가브리엘 피터슨의 사례를 통해, AI가 전통적인 교육 방식의 한계를 넘어 학습 효율을 극대화하는 과정을 보여줍니다.",,없음,,,,sources/youtube/02-learning.md#Kf1dYpnH-N4
lF8_DX2NxjI,YouTube 영상,[한글자막] AI로 혼자서도 압도적인 실력을 쌓는 독학 방법,Tech Bridge,https://www.youtube.com/watch?v=lF8_DX2NxjI,"학습, 배움",학습·생각·글쓰기 / 제품·창업·AI / 실행·지속·회복,자막 기반 요약,AI를 활용해 개인 맞춤형 교육 시스템인 '상자 속 대학'을 구축하고 독학으로 전문가가 되는 구체적인 전략을 제시합니다. ALTER 프레임워크를 통해 AI에게 조언자부터 룸메이트까지 다섯 가지 역할을 부여함으로써 학습의 질을 획기적으로 높일 수 있다고 강조합니다.,,없음,,,,sources/youtube/02-learning.md#lF8_DX2NxjI
2gFLaGislp4,YouTube 영상,이 강의를 본 순간 당신의 인생이 통째로 바뀔 겁니다 ㅣ 1일 1 피터슨 ㅣ Day 22 l 조던 피터슨 ㅣ 한영 자막,조던 피터슨의 일기장,https://www.youtube.com/watch?v=2gFLaGislp4,"인생수업, 위기의 때",학습·생각·글쓰기 / 실행·지속·회복,영상 직접 분석,"조던 피터슨 교수는 실패를 피하기 위해 목표를 모호하게 두지 말고 구체적으로 설정하여 삶의 방향을 잡으라고 강조합니다. 또한 스케줄을 자신을 억압하는 감옥이 아닌, 원하는 하루를 만들기 위한 자신과의 협상 도구로 활용할 것을 권장합니다.",이전 영상 분석 응답은 피터슨이 일정을 자신을 억압하는 도구보다 원하는 하루를 설계하는 협상으로 설명한다고 정리했다. 이번 작성자는 8:14 발언을 직접 확인하지 않았다.,기존 영상 분석 응답만 검토,빽빽한 시간표를 공개하기보다 ‘책임을 지키면서도 내일 다시 할 의향이 있는 하루인가’를 회고 질문으로 삼을 수 있다. 한 주의 계획에서 회복·여유·완료의 기준을 어떻게 함께 넣는지 자신의 선택을 설명하는 글감이다.,협상이 하기 싫은 책임을 전부 없애는 의미는 아니다. 직무상 의무·다른 사람과 한 약속·불가피한 일정이 있는 조건을 함께 적는다. 정신건강이나 동기 문제를 이 질문 하나로 해결한다고 쓰지 않는다.,내가 세운 일정표를 다른 사람이 나에게 줬다면 어떤 항목을 바꿔 달라고 말했을까?,sources/youtube/03-life.md#2gFLaGislp4
8V081wPlCbM,YouTube 영상,왜 우리는 집중력이 없는가(ft 무의식)ㅣ 조던 피터슨 ㅣ 한영자막,조던 피터슨의 일기장,https://www.youtube.com/watch?v=8V081wPlCbM,"인생수업, 위기의 때",실행·지속·회복,자막 기반 요약,조던 피터슨은 인간의 주의력이 의식적 의도보다는 무의식적 힘과 생물학적 하위 시스템에 의해 좌우된다고 설명합니다. 그는 우리가 스스로를 완전히 통제하지 못하는 이유가 뇌에 자동화된 습관과 본능적 욕구가 복잡하게 얽혀 있기 때문이라고 강조합니다.,,없음,,,,sources/youtube/03-life.md#8V081wPlCbM
Q0VWQFUVT_k,YouTube 영상,조던 피터슨 발상의 원전: 포스트 모더니즘과 막시즘 문화의 오류 (1편),뱃툽,https://www.youtube.com/watch?v=Q0VWQFUVT_k,"인생수업, 위기의 때",가치·관계·삶,자막 기반 요약,조던 피터슨은 포스트모더니즘이 공산주의의 경제적 실패 이후 마르크스주의가 정체성 정치로 재포장된 결과라고 주장합니다. 그는 모든 사회 관계를 억압자와 피억압자의 권력 투쟁으로만 해석하는 관점이 결국 전체주의로 흐를 위험이 있음을 경고합니다.,,없음,,,,sources/youtube/03-life.md#Q0VWQFUVT_k
o73pqQ9Gzt4,YouTube 영상,자신을 바로잡으세요,PragerU,https://www.youtube.com/watch?v=o73pqQ9Gzt4,"인생수업, 위기의 때",실행·지속·회복 / 가치·관계·삶,영상 직접 분석,조던 피터슨 교수는 문제의 원인을 타인에게 돌리는 태도가 개인의 성장을 방해한다고 경고합니다. 세상을 비판하기에 앞서 자신의 양심에 따라 잘못된 행동을 고치고 스스로를 바로잡는 것이 중요합니다.,,없음,,,,sources/youtube/03-life.md#o73pqQ9Gzt4
klTXqkEGSME,YouTube 영상,동기부여를 원한다면 꼭 봐야할 영상ㅣ레스브라운ㅣ한영자막,잭스파이어 Jackspire,https://www.youtube.com/watch?v=klTXqkEGSME,"인생수업, 위기의 때",실행·지속·회복 / 가치·관계·삶,자막 기반 요약,레스 브라운은 타인의 부정적인 평가가 자신의 현실이 되지 않도록 스스로의 잠재력을 믿고 꿈을 향해 나아갈 것을 독려합니다. 그는 기회가 오기 전 미리 준비하는 자세와 거절에 굴하지 않는 간절함이 성공의 핵심임을 자신의 경험을 통해 증명합니다.,,없음,,,,sources/youtube/03-life.md#klTXqkEGSME
Ow0CML2K2VY,YouTube 영상,부자아빠의 자본주의 생존 공략ㅣ로버트 기요사키 재테크 강의,잭스파이어 Jackspire,https://www.youtube.com/watch?v=Ow0CML2K2VY,"인생수업, 위기의 때",학습·생각·글쓰기 / 고객·설득·브랜드 / 실행·지속·회복,자막 기반 요약,"로버트 기요사키는 가난한 이들의 사고방식이 고정된 급여와 실패를 두려워하는 교육 시스템에서 비롯된다고 비판합니다. 그는 진정한 부를 위해 질문하는 습관을 기르고, 실무 지식을 갖춘 전문가들과 협력하며 실패를 통해 성장할 것을 강조합니다.",,없음,,,,sources/youtube/03-life.md#Ow0CML2K2VY
LquIQisaZFU,YouTube 영상,위험한 좌파들이 여러분의 자녀를 교육하고 있습니다,PragerU,https://www.youtube.com/watch?v=LquIQisaZFU,"인생수업, 위기의 때",가치·관계·삶,자막 기반 요약,조던 피터슨 교수는 현대 대학을 장악한 포스트모더니즘과 네오마르크시즘이 서구 문명의 근간을 위협하고 있다고 경고합니다. 그는 정체성 정치와 결과의 평등을 강조하는 교육이 개인의 자유와 비판적 사고를 억압하며 사회적 갈등을 조장한다고 주장합니다.,,없음,,,,sources/youtube/03-life.md#LquIQisaZFU
5mqnksEC-44,YouTube 영상,한살이라도 더 어릴 때 깨달았으면 좋았을 것들 35가지ㅣ자본주의 공략법 (1~10),리섭 LeeSeob,https://www.youtube.com/watch?v=5mqnksEC-44,"인생수업, 위기의 때",학습·생각·글쓰기 / 고객·설득·브랜드 / 가치·관계·삶,자막 기반 요약,"자본주의 사회에서 성공하기 위해 필요한 실질적인 마인드셋과 인생 전략을 11가지 관점에서 제시합니다. 시간의 가치를 이해하고 좋아하는 일보다 잘하는 일에 집중하며, 독립적인 삶을 통해 성장의 발판을 마련할 것을 강조합니다.",,없음,,,,sources/youtube/03-life.md#5mqnksEC-44
tySAnIgEI2k,YouTube 영상,한살이라도 더 어릴 때 깨달았으면 좋았을 것들 - 2부ㅣ자본주의 공략법 (11~15),리섭 LeeSeob,https://www.youtube.com/watch?v=tySAnIgEI2k,"인생수업, 위기의 때",고객·설득·브랜드 / 실행·지속·회복,영상 직접 분석,"자본주의 시스템을 탓하기보다 이를 활용하는 법을 익히고, 낮은 리스크를 활용해 끊임없이 도전할 것을 권합니다. 문신과 같은 불필요한 리스크를 피하고, 여행과 독서를 단순한 소비가 아닌 성장의 도구로 삼아야 한다고 강조합니다.",,없음,,,,sources/youtube/03-life.md#tySAnIgEI2k
suQrnhHKGsY,YouTube 영상,당신의 성공이 '생각보다' 쉬운 이유 | 얼 나이팅게일,민팍의 마음너머,https://www.youtube.com/watch?v=suQrnhHKGsY,"인생수업, 위기의 때",학습·생각·글쓰기 / 실행·지속·회복,영상 직접 분석,얼 나이팅게일은 부의 격차가 운이나 재능이 아닌 개인의 결심과 태도에서 비롯된다고 강조합니다. 성공을 위해 매일 아침 자신의 가치를 높일 아이디어를 구상하고 목표를 달성한 사람처럼 행동할 것을 제안합니다.,,없음,,,,sources/youtube/03-life.md#suQrnhHKGsY
BWxYWnwi08o,YouTube 영상,[일론 머스크] 제1원리 사고법: 추정이 아닌 근본적인 문제로의 접근 (한영 자막),Project스노우볼,https://www.youtube.com/watch?v=BWxYWnwi08o,"인생수업, 위기의 때",학습·생각·글쓰기 / 고객·설득·브랜드 / 실행·지속·회복,영상 직접 분석,일론 머스크는 혁신의 비결로 물리학적 사고 방식인 '제1원리 사고법'을 제시합니다. 이는 기존 관행을 따르는 유추적 사고에서 벗어나 사물의 근본적인 진실로부터 논리를 쌓아 올리는 방식입니다.,,없음,,,,sources/youtube/03-life.md#BWxYWnwi08o
b2kBZLYfG8s,YouTube 영상,1개월 안에 다른 사람이 되는 법,민팍의 마음너머,https://www.youtube.com/watch?v=b2kBZLYfG8s,"인생수업, 위기의 때",학습·생각·글쓰기 / 실행·지속·회복,자막 기반 요약,확언과 시각화는 뇌의 신경 회로를 재구성하여 내면의 지도를 현실에 맞게 변화시키는 강력한 도구입니다. 현재형 문장으로 작성된 확언을 읽으며 성취의 감정을 생생하게 느끼는 연습을 매일 반복하는 것이 핵심입니다.,,없음,,,,sources/youtube/03-life.md#b2kBZLYfG8s
4gxScmhsCf8,YouTube 영상,유튜브편집자가 유튜버 700명 편집해보고 느낀점,진용진,https://www.youtube.com/watch?v=4gxScmhsCf8,"인생수업, 위기의 때",고객·설득·브랜드 / 실행·지속·회복,자막 기반 요약,유튜브 성공의 핵심은 고품질 영상 하나에 집착하기보다 지속 가능한 업로드 빈도를 유지하며 알고리즘의 선택을 기다리는 것입니다. 초보자는 과도한 힘을 빼고 본인이 직접 편집하며 꾸준히 콘텐츠를 쌓아가는 전략이 필요합니다.,,없음,,,,sources/youtube/03-life.md#4gxScmhsCf8
7W4CA_ErATc,YouTube 영상,수퍼 재벌이 560억 짜리 전용기를 산 이유 | 그랜트 칼돈,민팍의 마음너머,https://www.youtube.com/watch?v=7W4CA_ErATc,"인생수업, 위기의 때",고객·설득·브랜드 / 실행·지속·회복,자막 기반 요약,"그랜트 칼돈은 막대한 세금 문제를 해결하고 전 세계적인 네트워크를 확장하기 위해 560억 원 상당의 전용기를 구입했습니다. 그는 돈은 사용될 때만 가치가 있으며, 진정한 부의 핵심은 저축이 아닌 사람과의 연결과 자유에 있다고 강조합니다.",,없음,,,,sources/youtube/03-life.md#7W4CA_ErATc
X6ier_V2x_g,YouTube 영상,조던 피터슨 | 창의적인 사람들에게 필요한 조언,조던 피터슨 한국 공식 채널,https://www.youtube.com/watch?v=X6ier_V2x_g,"인생수업, 위기의 때",고객·설득·브랜드 / 가치·관계·삶,영상 직접 분석,조던 피터슨은 성실성과 창의성의 특성 차이를 분석하며 창의적 활동이 가진 고위험성을 경고합니다. 그는 창의적인 사람들이 열정을 잃지 않으려면 안정적인 수입원을 확보한 뒤 창의적 활동을 병행해야 한다고 조언합니다.,,없음,,,,sources/youtube/03-life.md#X6ier_V2x_g
O6-cyHp9tRQ,YouTube 영상,2조 원의 그릇을 보여주는 역대 베스트 인터뷰  | 그랜트 칼돈,민팍의 마음너머,https://www.youtube.com/watch?v=O6-cyHp9tRQ,"인생수업, 위기의 때",고객·설득·브랜드 / 실행·지속·회복,영상 직접 분석,그랜트 칼돈은 성공을 위해 자신을 압박하는 환경에 노출되고 더 큰 목표를 가진 사람들과 교류할 것을 강조합니다. 또한 저축보다는 사업의 현금 흐름을 창출하는 데 자본을 투자하고 지속적인 노출을 통해 자신을 알리는 것이 중요하다고 조언합니다.,,없음,,,,sources/youtube/03-life.md#O6-cyHp9tRQ
GHBKDnZvMHA,YouTube 영상,음악이 재미없고 삶이 피폐할 때 봐야할 영상,재즈 에비뉴 - Jazz Avenue,https://www.youtube.com/watch?v=GHBKDnZvMHA,"인생수업, 위기의 때",실행·지속·회복 / 가치·관계·삶,자막 기반 요약,"연습의 양보다 질과 마음가짐이 중요하며, 음악을 대하는 감사한 태도가 삶의 행복을 결정한다고 강조합니다. 연습 시작 전 3초간의 멈춤을 통해 온전히 음악에 집중하고 그 자체를 선물로 여길 것을 권장합니다.",,없음,,,,sources/youtube/03-life.md#GHBKDnZvMHA
3smc7jbUPiE,YouTube 영상,[리처드 파인만] “왜 자석은 서로 밀어내는가?”에 대한 답변 (한영 자막),Project스노우볼,https://www.youtube.com/watch?v=3smc7jbUPiE,"인생수업, 위기의 때",학습·생각·글쓰기,영상 직접 분석,"리처드 파인만은 자석이 밀어내는 이유에 대한 질문을 통해 '왜'라는 질문이 갖는 층위와 지식 체계의 중요성을 설명합니다. 그는 자기력이 세상의 근본적인 요소이며, 더 익숙한 개념으로 단순화하여 설명하는 데는 한계가 있음을 강조합니다.",,없음,,,,sources/youtube/03-life.md#3smc7jbUPiE
Hak30f2N6m0,YouTube 영상,음악하는 사람이 공부도 해야하는 이유,재즈 에비뉴 - Jazz Avenue,https://www.youtube.com/watch?v=Hak30f2N6m0,"인생수업, 위기의 때",학습·생각·글쓰기 / 가치·관계·삶,영상 직접 분석,"조슈아 레드먼은 학문적 배경이 음악에 직접적인 영향을 주지는 않지만, 연주는 연주자의 모든 경험과 학습이 투영된 결과라고 말합니다. 특히 인문학 교육을 통해 얻은 비판적 사고와 질문하는 능력은 연주 중 본능적인 반응과 적응을 돕는 중요한 도구가 된다고 강조합니다.",,없음,,,,sources/youtube/03-life.md#Hak30f2N6m0
WWiDlFbvBFE,YouTube 영상,옥한흠 목사의 명설교 더울림│복을 받는 방법편,CBSJOY,https://www.youtube.com/watch?v=WWiDlFbvBFE,"인생수업, 위기의 때",실행·지속·회복 / 가치·관계·삶,자막 기반 요약,옥한흠 목사는 야베스와 오벧에돔의 사례를 통해 하나님께 간절히 구하고 그분을 기쁘게 모시는 자가 누리는 복의 원리를 설명합니다. 진정한 복은 단순한 물질적 풍요를 넘어 그리스도 안에서 누리는 신령한 은혜와 평강임을 강조하며 기도의 회복을 권면합니다.,,없음,,,,sources/youtube/03-life.md#WWiDlFbvBFE
myfd8DqLDsw,YouTube 영상,성공하는 사람은 결국 이 3가지 원칙으로 독서합니다,작심만일 : 성공 마인드 동반자,https://www.youtube.com/watch?v=myfd8DqLDsw,"인생수업, 위기의 때",학습·생각·글쓰기 / 실행·지속·회복,자막 기반 요약,"뇌 손상을 극복한 화자가 독해력을 높이기 위한 '3R' 원칙인 읽기(Read), 설명하기(Relate), 쓰기(Write)를 제시합니다. 정보를 자신의 언어로 출력하는 과정을 통해 지식을 완전히 소화하고 사고의 속도로 학습할 수 있다고 강조합니다.",,없음,,,,sources/youtube/03-life.md#myfd8DqLDsw
VnJe5uusDr8,YouTube 영상,아무리 해도 난 이 사회의 부품 같아(feat. 절대 사육 당하지 않는 법),돈공-돈버는공식,https://www.youtube.com/watch?v=VnJe5uusDr8,"인생수업, 위기의 때",학습·생각·글쓰기 / 실행·지속·회복,영상 직접 분석,조던 피터슨은 인간이 삶의 의미를 찾는 핵심 방법으로 책임감을 제시합니다. 단순히 안락함을 추구하기보다 스스로 무거운 책임을 짊어질 때 진정한 자존감을 얻을 수 있다고 강조합니다.,,없음,,,,sources/youtube/03-life.md#VnJe5uusDr8
hTcnLFfSu4A,YouTube 영상,30명의 노인들이 후회하고 느낀 인생 조언..,민팍의 마음너머,https://www.youtube.com/watch?v=hTcnLFfSu4A,"인생수업, 위기의 때",실행·지속·회복 / 가치·관계·삶,자막 기반 요약,"인생의 선배들이 전하는 조언으로, 두려움 없이 꿈을 쫓고 현재의 순간을 즐기며 행복을 스스로 선택하라는 메시지를 담고 있습니다. 실패를 두려워하기보다 시도하지 않음을 경계하고, 타인에게 친절하며 배움을 멈추지 말 것을 강조합니다.",,없음,,,,sources/youtube/03-life.md#hTcnLFfSu4A
0lwhrpvUj8g,YouTube 영상,부정적 생각을 효과적으로 극복하는 법,민팍의 마음너머,https://www.youtube.com/watch?v=0lwhrpvUj8g,"인생수업, 위기의 때",실행·지속·회복 / 가치·관계·삶,자막 기반 요약,"부정적인 생각을 억지로 제거하려 하면 오히려 그 생각이 증폭되므로, 마음의 작동 원리를 이해하고 거리를 두는 것이 중요합니다. 자신의 생명력이나 호흡에 집중함으로써 생각과 나 자신을 분리할 때 비로소 심리적 고통에서 벗어날 수 있습니다.",,없음,,,,sources/youtube/03-life.md#0lwhrpvUj8g
NiJQahJ4wT4,YouTube 영상,DNA를 뛰어넘게 해줄 크래빙 이론,돈공-돈버는공식,https://www.youtube.com/watch?v=NiJQahJ4wT4,"인생수업, 위기의 때",실행·지속·회복 / 가치·관계·삶,영상 직접 분석,인간을 생물학적 욕구에 갇힌 존재로만 정의하면 삶의 의미를 잃고 허무주의에 빠지기 쉽습니다. 빅터 프랭클과 조던 피터슨은 인간이 도덕적 이상을 높게 설정할 때 비로소 진정한 잠재력을 발휘하며 삶의 방향을 잡을 수 있다고 강조합니다.,,없음,,,,sources/youtube/03-life.md#NiJQahJ4wT4
z-5W6T5FFdQ,YouTube 영상,삶의 방향이 안보여서 답답한 20대들에게 | 게리 바이너척 | 에릭남 감수,천그루숲,https://www.youtube.com/watch?v=z-5W6T5FFdQ,"인생수업, 위기의 때",고객·설득·브랜드 / 실행·지속·회복,자막 기반 요약,20대는 인생에서 가장 위험을 감수하기 좋은 시기이므로 단기적인 금전적 이익보다 자신의 열정을 따르는 모험을 시작해야 합니다. 사회적 기대나 부모님의 시선에서 벗어나 자신만의 길을 탐색하며 미래를 설계할 것을 권장합니다.,,없음,,,,sources/youtube/03-life.md#z-5W6T5FFdQ
E6T-WNv8_TI,YouTube 영상,이 4가지에 돈 아끼면 지능 낮은 겁니다.,리섭 LeeSeob,https://www.youtube.com/watch?v=E6T-WNv8_TI,"인생수업, 위기의 때",학습·생각·글쓰기 / 고객·설득·브랜드,영상 직접 분석,"자본주의 사회에서 시간을 아끼기 위해 돈을 쓰는 것은 매우 합리적인 소비 방식입니다. 택배비, 음식, 게임 현질, 유료 강의 등에 투자하여 기회비용을 줄이고 효율을 높이는 것이 성공의 지름길입니다.",,없음,,,,sources/youtube/03-life.md#E6T-WNv8_TI
4CjRWX-RdeM,YouTube 영상,천 년 뒤 후손들에게 전해주고 싶은 메시지 (한영 자막),Project스노우볼,https://www.youtube.com/watch?v=4CjRWX-RdeM,"인생수업, 위기의 때",학습·생각·글쓰기 / 가치·관계·삶,자막 기반 요약,버트런드 러셀과 리처드 파인만은 후손들에게 사실과 진실에만 집중하고 교조적인 믿음을 경계할 것을 당부합니다. 불확실성과 모르는 상태를 두려워하지 말고 의심을 품는 태도가 지적으로 더 정직한 삶임을 강조합니다.,,없음,,,,sources/youtube/03-life.md#4CjRWX-RdeM
d8Uhboe6ufw,YouTube 영상,꿈도 없고 재능도 없는 평범한 사람은 어떻게 살아야 할까?,리섭 LeeSeob,https://www.youtube.com/watch?v=d8Uhboe6ufw,"인생수업, 위기의 때",고객·설득·브랜드 / 실행·지속·회복,영상 직접 분석,"리섭은 목표의 크기가 실행 전략을 결정하며, 개인의 역량보다 시장의 크기가 중요하다고 강조합니다. 특히 유튜브와 같이 파이가 큰 시장에서 자신만의 차별화된 콘텐츠로 승부할 것을 조언합니다.",,없음,,,,sources/youtube/03-life.md#d8Uhboe6ufw
oBmmJB4V5CI,YouTube 영상,Gnarls Barkley(날스 바클리) - Crazy 가사 한글 자막 해석 번역,ppark _,https://www.youtube.com/watch?v=oBmmJB4V5CI,"인생수업, 위기의 때",실행·지속·회복 / 가치·관계·삶,영상 직접 분석,"날스 바클리의 명곡 'Crazy'의 가사를 한글 자막과 함께 감상할 수 있는 영상입니다. 광기와 자아 성찰, 그리고 자유에 대한 심오한 메시지를 전달합니다.",,없음,,,,sources/youtube/03-life.md#oBmmJB4V5CI
SQUuLO-bn2M,YouTube 영상,중고차 딜러 VS 라이프 해킹,내셔널지오그래픽 - National Geographic Korea,https://www.youtube.com/watch?v=SQUuLO-bn2M,"인생수업, 위기의 때",실행·지속·회복 / 가치·관계·삶,자막 기반 요약,"중고차 구매 시 딜러의 심리 기법에 대응하여 가격을 낮추는 실전 협상 전략을 소개합니다. 침묵 유지, 가짜 긴급성 조성, 그리고 언제든 협상장을 떠날 준비를 하는 태도가 핵심입니다.",,없음,,,,sources/youtube/03-life.md#SQUuLO-bn2M
bHRhuzNA6OI,YouTube 영상,당당하게 연봉 인상 요구하는 법,내셔널지오그래픽 - National Geographic Korea,https://www.youtube.com/watch?v=bHRhuzNA6OI,"인생수업, 위기의 때",고객·설득·브랜드 / 실행·지속·회복 / 가치·관계·삶,영상 직접 분석,연봉 협상 시 중립적인 장소를 선택하고 '합리적'이라는 표현을 사용하여 대화의 주도권을 잡는 것이 중요합니다. 자신의 가치를 상사에게 직접 묻고 구체적인 인상률을 제시함으로써 성공적인 결과를 이끌어낼 수 있습니다.,,없음,,,,sources/youtube/03-life.md#bHRhuzNA6OI
Rcn_vD9RdEw,YouTube 영상,취업 면접에서 '질문 있으세요?' 시간에 꼭 물어봐야 할 질문은?,내셔널지오그래픽 - National Geographic Korea,https://www.youtube.com/watch?v=Rcn_vD9RdEw,"인생수업, 위기의 때",실행·지속·회복 / 가치·관계·삶,영상 직접 분석,취업 면접에서 성공하기 위한 심리학적 전략과 비언어적 기술들을 소개합니다. 특히 면접 마지막에 채용을 망설이게 하는 요인을 직접 묻는 질문이 합격 가능성을 높이는 핵심 비결로 제시됩니다.,,없음,,,,sources/youtube/03-life.md#Rcn_vD9RdEw
390aHPDjv7w,YouTube 영상,사람은 결코 변하지 않는다 | 타인의 이해를 바라지 마라 | 쇼펜하우어 처세술 | 인간관계 지혜 | 인생 명언 | 인생 조언 | 오디오북,지혜의 숲,https://www.youtube.com/watch?v=390aHPDjv7w,"인생수업, 위기의 때",실행·지속·회복 / 가치·관계·삶,영상 직접 분석,쇼펜하우어는 타인의 이해를 구하기보다 자신의 내면과 건강에 집중하며 적절한 거리를 유지하는 삶을 강조합니다. 인간의 본성은 쉽게 변하지 않으므로 불필요한 논쟁을 피하고 침묵을 통해 자신을 보호하라고 조언합니다.,,없음,,,,sources/youtube/03-life.md#390aHPDjv7w
rWyIE9WwP4Q,YouTube 영상,어떤 사람으로 살 것인가를 고민해야 합니다 오박사가 알려주는 재능 많은 자식을 둔 부모의 역할은? | 오은영의 금쪽 상담소 36 회,play 채널A,https://www.youtube.com/watch?v=rWyIE9WwP4Q,"인생수업, 위기의 때",실행·지속·회복 / 가치·관계·삶,자막 기반 요약,재능이 많아 여러 성취를 원하는 아이에게 오은영 박사는 '어떤 타이틀'을 얻느냐보다 '어떤 삶'을 살 것인지 고민하는 것이 중요하다고 조언합니다. 부모는 아이의 비대해진 자의식을 관리하기 위해 적절한 우선순위를 정해주는 '가지치기' 역할을 수행해야 합니다.,,없음,,,,sources/youtube/03-life.md#rWyIE9WwP4Q
a6g8SYeP2OA,YouTube 영상,주님이 오늘도 함께하신다 #아침기도 #기도습관 #하나님의인도하심 #주님의선하심,크리스천인사이트,https://www.youtube.com/watch?v=a6g8SYeP2OA,"인생수업, 위기의 때",실행·지속·회복 / 가치·관계·삶,자막 기반 요약,아침에 일어나서 드릴 수 있는 세 가지 기도 제목을 통해 하나님의 인도하심과 겸손을 구하는 방법을 제시합니다. 현재의 위치에 상관없이 미래를 준비하고 타인과의 대화에서 겸손한 태도를 유지할 것을 강조합니다.,,없음,,,,sources/youtube/03-life.md#a6g8SYeP2OA
P8VyvMpANdY,YouTube 영상,하나님께 집중해야 합니다 #사단의전략 #광명의천사 #고린도후서11장 #사단의유혹 #하나님의뜻,크리스천인사이트,https://www.youtube.com/watch?v=P8VyvMpANdY,"인생수업, 위기의 때",실행·지속·회복 / 가치·관계·삶,자막 기반 요약,사단은 광명의 천사로 위장하여 인간이 하늘의 관점에서 무의미한 세상적 성공에 몰두하도록 유혹합니다. 이러한 기만은 신자가 이를 하나님의 축복으로 오해하게 만들어 결국 영적인 집중력을 잃게 만듭니다.,,없음,,,,sources/youtube/03-life.md#P8VyvMpANdY
IUDbatY3Hno,YouTube 영상,8000억 자산가가 노숙자에게 건넨 조언,돌숏밥,https://www.youtube.com/watch?v=IUDbatY3Hno,"인생수업, 위기의 때",고객·설득·브랜드 / 가치·관계·삶,자막 기반 요약,"억만장자가 노숙자에게 자신의 가치를 제대로 인정받을 수 있는 장소의 중요성을 강조합니다. 단순히 노력하는 것을 넘어, 자신의 가치가 빛날 수 있는 환경을 선택하는 것이 성공의 핵심이라는 교훈을 전합니다.",,없음,,,,sources/youtube/03-life.md#IUDbatY3Hno
fKA51CrFcWg,YouTube 영상,삶이 멈춘 것 같을때 빠져나오는 방법 | 루이스 호위스,NOMATTER 노메럴,https://www.youtube.com/watch?v=fKA51CrFcWg,"인생수업, 위기의 때",실행·지속·회복 / 가치·관계·삶,영상 직접 분석,무력감과 스트레스에 빠졌을 때 타인에게 도움을 주는 태도로 전환하는 것이 중요합니다. 대가 없이 에너지를 나누는 결단이 삶의 추진력을 회복하고 다음 단계로 나아가는 열쇠가 됩니다.,,없음,,,,sources/youtube/03-life.md#fKA51CrFcWg
OYGr3ZiqR6Y,YouTube 영상,망설이지 말고 한살이라도 어릴 때 빨리 시작하세요 #shorts #인생조언 #메가스터디 (쇼츠 손주은),월급쟁이부자들TV,https://www.youtube.com/watch?v=OYGr3ZiqR6Y,"인생수업, 위기의 때",실행·지속·회복,영상 직접 분석,"3040 세대에게 '어떻게 살 것인가'에 대한 진지한 성찰과 자신만의 도전을 강조합니다. 워라밸을 선택하든 치열한 도전을 선택하든, 확고한 철학과 원칙을 가지고 당당하게 나아갈 것을 권합니다.",,없음,,,,sources/youtube/03-life.md#OYGr3ZiqR6Y
6G4jD0KvSzk,YouTube 영상,3가지 능력으로 내 인생을 바꾸는 법 #조승연,마이크임팩트,https://www.youtube.com/watch?v=6G4jD0KvSzk,"인생수업, 위기의 때",실행·지속·회복,자막 기반 요약,"성공하는 사람들은 하지 말아야 할 일을 절제하고, 결심한 바를 반드시 실행하며, 감정에 휘둘리지 않는 세 가지 능력을 갖추고 있습니다. 이러한 독한 실행력은 현대 사회에서 인생을 변화시키는 일종의 초능력과 같은 역할을 한다고 화자는 강조합니다.",,없음,,,,sources/youtube/03-life.md#6G4jD0KvSzk
EX3hpEhUOSs,YouTube 영상,매일 주어지는 두 가지를 잊지마세요 | 제이 프린스,NOMATTER 노메럴,https://www.youtube.com/watch?v=EX3hpEhUOSs,"인생수업, 위기의 때",실행·지속·회복 / 가치·관계·삶,자막 기반 요약,매일 우리에게는 기회와 선택이라는 두 가지 선물이 주어집니다. 화자는 우리가 내리는 선택이 결국 인생의 목적지를 결정하므로 선택의 가치를 소중히 여겨야 한다고 강조합니다.,,없음,,,,sources/youtube/03-life.md#EX3hpEhUOSs
cew7jwiu7mY,YouTube 영상,악마가 당신을 무시하는 이유.,Intelligence,https://www.youtube.com/watch?v=cew7jwiu7mY,"인생수업, 위기의 때",실행·지속·회복 / 가치·관계·삶,영상 직접 분석,덴젤 워싱턴은 악마가 당신을 무시한다면 그것은 잘못된 길을 가고 있다는 신호일 수 있다고 말합니다. 반대로 시련이 닥치는 것은 당신이 올바른 일을 하려 노력하고 있다는 증거일 수 있음을 강조합니다.,,없음,,,,sources/youtube/03-life.md#cew7jwiu7mY
JWe8hWQN8cU,YouTube 영상,"🗣️""광야의 길, 하나님의 관점"" - 피아워십 목요예배 이동선 목사 설교中",F.I.A,https://www.youtube.com/watch?v=JWe8hWQN8cU,"인생수업, 위기의 때",실행·지속·회복 / 가치·관계·삶,자막 기반 요약,인간의 눈에는 고난의 광야처럼 보이는 길도 하나님의 관점에서는 축복의 길일 수 있습니다. 관점을 나에게서 하나님으로 옮길 때 비로소 진정한 믿음과 순종이 시작됩니다.,,없음,,,,sources/youtube/03-life.md#JWe8hWQN8cU
DbG3MkOHiYE,YouTube 영상,냉소주의는 가난을 부르고 낙관주의는 부를 만든다,성공한스푼,https://www.youtube.com/watch?v=DbG3MkOHiYE,"인생수업, 위기의 때",실행·지속·회복,영상 직접 분석,"세상은 가능성을 믿는 낙관주의자의 것이며, 큰 성취를 위해서는 반드시 긍정적인 태도가 필요합니다. 냉소주의자는 99%의 실패를 맞히며 옳아 보일 수 있지만, 인생을 바꾸는 단 한 번의 성공을 놓치기에 결국 틀린 것입니다.",,없음,,,,sources/youtube/03-life.md#DbG3MkOHiYE
hMD-IqQV8fU,YouTube 영상,내면의 악마와 싸우는 최고의 방법.,Intelligence,https://www.youtube.com/watch?v=hMD-IqQV8fU,"인생수업, 위기의 때",실행·지속·회복,영상 직접 분석,화자는 내면의 두려움을 피하지 말고 정면으로 마주하는 것이 극복의 핵심이라고 말합니다. 도망치는 것을 멈추고 용기를 내어 문제에 맞설 때 진정한 해결이 시작된다고 강조합니다.,,없음,,,,sources/youtube/03-life.md#hMD-IqQV8fU
ysLziGJ6Rmg,YouTube 영상,일론 머스크는 하루를 5분 단위로 쪼갠다. 즉흥형 천재 아니라 계획형 괴물이다.,성공한스푼,https://www.youtube.com/watch?v=ysLziGJ6Rmg,"인생수업, 위기의 때",학습·생각·글쓰기 / 실행·지속·회복,자막 기반 요약,성공을 위해서는 활동 목록을 작성하고 우선순위를 정하는 철저한 계획 수립이 필수적입니다. 또한 어려움에 직면했을 때 포기하지 않고 끝까지 버티는 끈기가 인격의 핵심이자 성공의 열쇠입니다.,,없음,,,,sources/youtube/03-life.md#ysLziGJ6Rmg
XoKLx9haF3c,YouTube 영상,"답이 안보일 땐, 이렇게 해보세요!",성공한스푼,https://www.youtube.com/watch?v=XoKLx9haF3c,"인생수업, 위기의 때",학습·생각·글쓰기 / 실행·지속·회복,영상 직접 분석,문제의 답이 보이지 않을 때 30분에서 60분 동안 고요 속에 머무르며 내면의 소리에 귀를 기울여 보세요. 약 30분 정도 지나면 머릿속이 맑아지며 필요한 아이디어와 해결책이 자연스럽게 떠오를 것입니다.,,없음,,,,sources/youtube/03-life.md#XoKLx9haF3c
xCCeGBW2G4w,YouTube 영상,그린베레 vs 네이비 씰,오호라,https://www.youtube.com/watch?v=xCCeGBW2G4w,"인생수업, 위기의 때",가치·관계·삶,자막 기반 요약,"그린베레와 네이비 씰은 각자의 특화된 임무 영역이 다르며, 특히 그린베레는 현지 세력을 활용하는 '전투력 증강'에 강점이 있습니다. 네이비 씰이 해상 전투에 최적화되어 있다면, 그린베레는 언어와 지정학적 지식을 바탕으로 현지 체제를 변화시키는 역량을 갖추고 있습니다.",,없음,,,,sources/youtube/03-life.md#xCCeGBW2G4w
BQiDqU34eAI,YouTube 영상,스파이가 말하는 사회를 전복시키는법 ㄷㄷ 와우,우셔우셔,https://www.youtube.com/watch?v=BQiDqU34eAI,"인생수업, 위기의 때",가치·관계·삶,자막 기반 요약,전 KGB 요원 유리 베즈메노프는 사회의 도덕적 가치를 무너뜨리고 내부 갈등을 조장하여 국가를 스스로 붕괴시키는 심리전 전략을 설명합니다. 그는 교육과 사회 참여 구조를 변질시켜 공동체의 자율성을 파괴하고 관료주의에 의존하게 만드는 것이 핵심이라고 주장합니다.,,없음,,,,sources/youtube/03-life.md#BQiDqU34eAI
0lms-eusg58,YouTube 영상,두려워하지 말라,한국사장학교 TV,https://www.youtube.com/watch?v=0lms-eusg58,"인생수업, 위기의 때",실행·지속·회복 / 가치·관계·삶,자막 기반 요약,"화자는 성경 등 여러 가르침에서 강조하는 '두려워하지 말라'는 메시지를 삶의 핵심 가치로 삼고 있습니다. 죽음을 제외한 모든 시련의 이면에는 반드시 긍정적인 면이 존재하므로, 걱정보다는 좋은 점을 찾는 습관이 중요하다고 강조합니다.",,없음,,,,sources/youtube/03-life.md#0lms-eusg58
hoERAs0erOU,YouTube 영상,전쟁 빼고는 다 쉬운 일 (정주영 회장),BZCF | 비즈까페,https://www.youtube.com/watch?v=hoERAs0erOU,"인생수업, 위기의 때",고객·설득·브랜드 / 실행·지속·회복,자막 기반 요약,정주영 회장은 생명이 위태로운 전쟁에 비하면 사회의 모든 일은 해결 가능한 쉬운 일이라고 강조합니다. 긍정적인 마음가짐으로 자신의 위치에서 즐겁게 일하는 태도가 삶의 질을 결정한다고 조언합니다.,,없음,,,,sources/youtube/03-life.md#hoERAs0erOU
Tf0N6HOdd5A,YouTube 영상,억만장자들보다 더 값졌다고 한 인터뷰,미엠지 Me:MZ,https://www.youtube.com/watch?v=Tf0N6HOdd5A,"인생수업, 위기의 때",실행·지속·회복 / 가치·관계·삶,자막 기반 요약,거절의 아픔을 딛고 성공한 인물이 인생의 결정과 주변 환경의 중요성을 강조하며 신앙적 조언을 전합니다. 자신의 내면적 힘을 믿고 고난을 이겨내어 스스로의 삶을 책임지는 태도를 가질 것을 권합니다.,,없음,,,,sources/youtube/03-life.md#Tf0N6HOdd5A
B001,Instagram,피해야 할 상급자의 태도,mozi.pick,https://www.instagram.com/mozi.pick/p/DdF-XgkzcYN/,인스타 저장·비즈니스,협업·리더십,이전 캡션·이미지 1장 확인,,,없음,,,,sources/instagram/saved-index.md
B002,Instagram,앱 창업과 UGC 크리에이터 운영 사례,youfree.builder,https://www.instagram.com/youfree.builder/p/DcQyl9CmUUS/,인스타 저장·비즈니스,제품·창업·AI,이전 캡션·일부 슬라이드 확인,,,없음,,,,sources/instagram/saved-index.md
B003,Instagram,창업자를 위한 콘텐츠 세 유형,danmartell,https://www.instagram.com/danmartell/reel/DcL47JZiiu0/,인스타 저장·비즈니스,고객·설득·브랜드,이전 캡션·일부 영상 화면 확인,,,없음,,,,sources/instagram/saved-index.md
B004,Instagram,Sales IQ 퀴즈 — 썸네일 기준,bryson.bowman,https://www.instagram.com/bryson.bowman/reel/DcOq9r-OSJz/,인스타 저장·비즈니스,고객·설득·브랜드,이전 캡션·썸네일 확인,,,없음,,,,sources/instagram/saved-index.md
B005,Instagram,회의 전에 오늘 바꿀 결정과 참여자의 역할을 적는다,hbr_korea,https://www.instagram.com/hbr_korea/p/DcxzjbHE7Xt/,인스타 저장·비즈니스,협업·리더십,이전 캡션 분류,,"게시자는 회의 횟수보다 대화 운영에 주목하고, 목적·역할·안전하게 의견을 낼 수 있는 조건을 강조한다. 별도 HBR 아티클을 안내한다.",자막·캡션 구간 직접 대조,"회의 초대나 개인 준비 메모에 이번 회의에서 정할 것 한 가지, 필요한 사실, 각자의 역할을 적어본다. 종료 시에는 정해진 것과 아직 불확실한 것을 분리한다.",모든 대화가 결정을 위한 회의인 것은 아니다. 탐색·관계 형성·공유가 목적이라면 이를 목적 그대로 적는다. 특정 참여자를 문제의 원인으로 단정하지 않는다.,"논점: ‘회의 제목 옆에 이번에 정할 것을 한 문장 더 적어보면 어떨까.’ 실제 회의가 있었다면 [원래 안건]과 [명료하게 바꾼 목적]을 익명으로 비교하고, 실제 적용 전이면 실험 제안으로 쓴다.",sources/instagram/saved-index.md
B006,Instagram,설명한 내용보다 상대가 이해한 내용을 기록한다,perceptionkey.official,https://www.instagram.com/perceptionkey.official/reel/Dcigd-3OjGe/,인스타 저장·비즈니스,고객·설득·브랜드,이전 캡션 분류,,게시자는 같은 설명도 듣는 사람의 맥락에 따라 다르게 이해될 수 있으므로 상대가 받아들인 의미까지 확인해야 한다고 주장한다.,자막·캡션 구간 직접 대조,상담 메모에 ‘내가 설명한 기능’과 ‘고객이 자신의 상황으로 다시 표현한 내용’을 나눠 적어보자. 설명을 많이 했다는 사실과 이해가 확인됐다는 사실을 구별하는 데 쓸 수 있다.,고객을 시험하듯 되묻지 않는다. ‘제가 이해한 상황이 맞는지 확인하고 싶습니다’처럼 상호 확인으로 시작한다. 고객이 말하지 않은 의도나 심리를 채워 넣지 않는다.,글의 논점: ‘설명이 끝난 시점과 이해가 확인된 시점은 다를 수 있다.’ 본인의 실제 사례가 있으면 [내 설명] → [상대가 받아들인 의미] → [다음에 바꿀 확인 질문]으로 적는다. 사례가 없으면 관찰 제안형 글로 쓴다.,sources/instagram/saved-index.md
B007,Instagram,작은 브랜드 컨설팅 관찰 — 세부 내용 확인 필요,marketing_jojun,https://www.instagram.com/marketing_jojun/reel/DbvJLGnTW11/,인스타 저장·비즈니스,고객·설득·브랜드,이전 캡션 분류,,,없음,,,,sources/instagram/saved-index.md
B008,Instagram,Brian Tracy 소개 캡션 — 영상의 주장은 미확인,valornic,https://www.instagram.com/valornic/reel/DbbDj5XI0Wh/,인스타 저장·비즈니스,별도 확인·배경,이전 캡션 분류,,,없음,,,,sources/instagram/saved-index.md
B009,Instagram,젠슨 황의 위임 주제 — 상세 영상 확인 필요,bizucafe,https://www.instagram.com/bizucafe/reel/Dbrzkw7zp11/,인스타 저장·비즈니스,협업·리더십,이전 캡션 분류,,,없음,,,,sources/instagram/saved-index.md
B010,Instagram,인간극장 손주가 돌아왔다 — 업무 연결점 미확인,mylovekbs,https://www.instagram.com/mylovekbs/reel/DbaTx04CRZQ/,인스타 저장·비즈니스,별도 확인·배경,이전 캡션 분류,,,없음,,,,sources/instagram/saved-index.md
B011,Instagram,특정 문제의 첫 해결처가 되는 커뮤니티,somewon_co,https://www.instagram.com/somewon_co/p/Da6p6CIOsl-/,인스타 저장·비즈니스,고객·설득·브랜드,이전 캡션 분류,,,없음,,,,sources/instagram/saved-index.md
B012,Instagram,조나단 앤더슨과 브랜드 창작 사례,brandoh.mag,https://www.instagram.com/brandoh.mag/p/Da7pvZEkaBe/,인스타 저장·비즈니스,고객·설득·브랜드,이전 캡션 분류,,,없음,,,,sources/instagram/saved-index.md
B013,Instagram,Iyinoluwa Aboyeji 사업 성장 인터뷰,theschoolofhardknockz,https://www.instagram.com/theschoolofhardknockz/reel/DavZiqvqfAk/,인스타 저장·비즈니스,제품·창업·AI,이전 캡션 분류,,,없음,,,,sources/instagram/saved-index.md
B014,Instagram,함께 일할 사람 — 구체 조건 미확인,bizucafe,https://www.instagram.com/bizucafe/reel/DacoH24TpV4/,인스타 저장·비즈니스,협업·리더십,이전 캡션 분류,,,없음,,,,sources/instagram/saved-index.md
B015,Instagram,학습 관련 해시태그만 확보,studyroomwithcc,https://www.instagram.com/studyroomwithcc/reel/DaCZGFyJeEG/,인스타 저장·비즈니스,별도 확인·배경,이전 캡션 분류,,,없음,,,,sources/instagram/saved-index.md
B016,Instagram,최수부의 영업 사례 — 성과 수치 검증 필요,korea_titans,https://www.instagram.com/korea_titans/reel/DaEZRcZyEG-/,인스타 저장·비즈니스,고객·설득·브랜드,이전 캡션 분류,,,없음,,,,sources/instagram/saved-index.md
B017,Instagram,증거 없는 광고 표현에 대한 비판,prime.brains,https://www.instagram.com/prime.brains/reel/DZ95irCT4Bn/,인스타 저장·비즈니스,고객·설득·브랜드,이전 캡션 분류,,,없음,,,,sources/instagram/saved-index.md
B018,Instagram,고객의 결정을 돕는 세일즈,aim___ing,https://www.instagram.com/aim___ing/reel/DZ7ZeCIyf40/,인스타 저장·비즈니스,고객·설득·브랜드,이전 캡션 분류,,,없음,,,,sources/instagram/saved-index.md
B019,Instagram,새로 만들기 전에 사람들이 이미 쓰는 대안을 관찰한다,ianpark.vc,https://www.instagram.com/ianpark.vc/p/DZoCQ-jGK8d/,인스타 저장·비즈니스,제품·창업·AI,이전 캡션 분류,,게시자는 Mark Pincus 사례를 근거로 기존 수요가 보이는 제품을 먼저 보고 개선한 뒤 새로움을 더하라는 순서를 제시한다. 실패율·성공 사례를 강하게 일반화한다.,자막·캡션 구간 직접 대조,"새 기능을 만들기 전에 사용자가 현재 문제를 해결하는 방법과 남은 불편을 적고, 그중 하나가 줄어드는 가장 작은 결과물을 시험한다. 차별점은 기능 개수보다 기존 방식에서 바뀌는 행동으로 정의해볼 수 있다.",다른 시장의 성공이 내 대상 고객의 수요를 증명하지는 않는다. ‘쓰겠다’는 응답과 실제 사용·재사용을 구별한다. 원문을 타인의 코드·디자인·콘텐츠를 그대로 복제하라는 지시로 받아들이지 않는다.,"논점: ‘새 아이디어를 평가할 때 먼저 적을 것은 지금 사람들이 쓰는 우회 방법이다.’ [실제 기존 방식] → [남은 불편] → [검증할 변화 하나]를 적고, 아직 실행 전이면 실험 계획이라고 명시한다.",sources/instagram/saved-index.md
B020,Instagram,발표 현장의 비언어적 전달 체크,yoon_pt,https://www.instagram.com/yoon_pt/reel/DZZjTjrJ8BA/,인스타 저장·비즈니스,고객·설득·브랜드,이전 캡션 분류,,,없음,,,,sources/instagram/saved-index.md
B021,Instagram,기능 하나를 사용 장면 하나로 번역한다,eber.pr_kr,https://www.instagram.com/eber.pr_kr/reel/DUGKupSE8-2/,인스타 저장·비즈니스,고객·설득·브랜드,이전 캡션 분류,,"게시자는 제품 사양보다 고객이 얻게 될 이득을 반복해 설명하는 방식을 제안하며, 기능은 설명하지 않는다는 극단적인 표현을 쓴다.",자막·캡션 구간 직접 대조,"자주 쓰는 기능 설명 한 줄 옆에 ‘누가, 언제, 어떤 수고를 줄이는가’를 적어본다. 소개 문장은 장면으로 시작하고, 구매 판단에 필요한 사양과 조건은 근거로 붙인다.",사용 장면은 제품이 실제로 지원해야 한다. 절대적 편익이나 무조건적인 시간 절감은 실측 없이 약속하지 않는다. 회사 채널의 기능 중심 설명 기준과도 충돌하지 않게 장면과 기능을 함께 쓴다.,[실제 기능]을 [특정 독자의 일상 장면]으로 바꿔 설명한 두 문장을 나란히 보여준다. ‘설명 자료의 어느 문장을 사용 장면으로 바꿀 수 있을까?’를 글의 질문으로 삼는다.,sources/instagram/saved-index.md
B022,Instagram,기능보다 의미를 전달하는 마케팅,series,https://www.instagram.com/series/reel/DUi-OSWDZkg/,인스타 저장·비즈니스,고객·설득·브랜드,이전 캡션 분류,,,없음,,,,sources/instagram/saved-index.md
B023,Instagram,Mark Cuban의 사업 성공 요소,business.tactic,https://www.instagram.com/business.tactic/reel/DUF0mdzERTU/,인스타 저장·비즈니스,제품·창업·AI,이전 캡션 분류,,,없음,,,,sources/instagram/saved-index.md
B024,Instagram,영업에서 바꿔 말할 표현 다섯 가지,zorba_biz,https://www.instagram.com/zorba_biz/reel/DXv72hJP4zm/,인스타 저장·비즈니스,고객·설득·브랜드,이전 캡션 분류,,,없음,,,,sources/instagram/saved-index.md
B025,Instagram,Robert Herjavec 인물 소개 — 영상 주장은 미확인,thewealth.community,https://www.instagram.com/thewealth.community/reel/DUGMBJoCdza/,인스타 저장·비즈니스,별도 확인·배경,이전 캡션 분류,,,없음,,,,sources/instagram/saved-index.md
B026,Instagram,AI 에이전트 시대 전망 — 확률은 모델 추정,dy1.mag,https://www.instagram.com/dy1.mag/p/DWQ4zvwFLQp/,인스타 저장·비즈니스,제품·창업·AI,이전 캡션 분류,,,없음,,,,sources/instagram/saved-index.md
B027,Instagram,돈의 원리 — 구체 내용 미확인,hee_chan_kim,https://www.instagram.com/hee_chan_kim/reel/DV8gHlfga2f/,인스타 저장·비즈니스,별도 확인·배경,이전 캡션 분류,,,없음,,,,sources/instagram/saved-index.md
B028,Instagram,스타트업 자금조달과 데스밸리 — 통계 검증 필요,cheddar.ez,https://www.instagram.com/cheddar.ez/p/DVsCS3ekq8L/,인스타 저장·비즈니스,제품·창업·AI,이전 캡션 분류,,,없음,,,,sources/instagram/saved-index.md
B029,Instagram,투자받는 팀 — 구체 기준 미확인,bizucafe,https://www.instagram.com/bizucafe/reel/DVntxOziT0e/,인스타 저장·비즈니스,협업·리더십,이전 캡션 분류,,,없음,,,,sources/instagram/saved-index.md
B030,Instagram,실용 도서 추천 — 책 목록은 영상 확인 필요,g_rum_edo,https://www.instagram.com/g_rum_edo/reel/DUp4RITCRPK/,인스타 저장·비즈니스,별도 확인·배경,이전 캡션 분류,,,없음,,,,sources/instagram/saved-index.md
B031,Instagram,호기심과 좋아하는 일에 관한 주장,cheddar.ez,https://www.instagram.com/cheddar.ez/p/DUpenmWksHN/,인스타 저장·비즈니스,실행·지속·회복,이전 캡션 분류,,,없음,,,,sources/instagram/saved-index.md
B032,Instagram,창업자의 사람됨을 보는 투자 사례,dy1.mag,https://www.instagram.com/dy1.mag/p/DUEyIphk8So/,인스타 저장·비즈니스,제품·창업·AI,이전 캡션 분류,,,없음,,,,sources/instagram/saved-index.md
B033,Instagram,‘비싸다’는 말을 해석하기 전에 무엇이 걸리는지 확인한다,captainhoooook,https://www.instagram.com/captainhoooook/reel/DSd4LNpEvKR/,인스타 저장·비즈니스,고객·설득·브랜드,이전 캡션 분류,,"게시자는 가격 거절을 가치 이해의 부족으로 해석하고, 불만의 한 원인으로 콘텐츠가 만든 기대와 실제 경험의 차이를 든다. 가격보다 다른 이유가 중요하다는 강한 일반화도 포함한다.",자막·캡션 구간 직접 대조,"주장을 그대로 영업 규칙으로 삼기보다 확인 질문 목록으로 바꾼다. 예산 한도, 필요한 효과, 도입 시기, 내부 승인 중 무엇이 결정에 걸리는지 묻고, 실제 답을 기록한다. 콘텐츠에서 약속한 장면과 제공 범위도 대조한다.",실제 예산 부족이나 제품 결함일 가능성을 열어둔다. ‘고객은 자기 필요를 모른다’거나 ‘비싸다는 말은 핑계다’라고 결론 내리지 않는다. 선택지를 강요하지 않고 자유로운 답도 받는다.,"논점: ‘비싸다는 한마디에 바로 할인하거나 설득하기 전에 확인할 것이 있다.’ [실제 받은 가격 질문]과 [확인한 제약]이 있을 때만 사례로 넣고, 없으면 네 가지 확인 질문을 제시하는 글로 만든다.",sources/instagram/saved-index.md
B034,Instagram,같은 제품을 기능·경험·정체성의 세 질문으로 살핀다,solution.kim,https://www.instagram.com/solution.kim/p/DTciAUlEk7e/,인스타 저장·비즈니스,고객·설득·브랜드,이전 캡션 분류,,"게시자는 젠틀몬스터를 기능, 매장 경험, 소유자의 정체성이라는 세 관점으로 설명하며 성장·수익·가격 관련 수치도 제시한다.",자막·캡션 구간 직접 대조,"소개 글을 쓸 때 ‘무엇을 할 수 있나’, ‘사용할 때 어떤 장면이 생기나’, ‘이 선택이 나에게 어떤 의미인가’를 각각 묻는다. 제품에 맞는 질문만 남겨 서로 다른 글의 관점을 만들 수 있다.",모든 제품이 정체성이나 과시 욕구를 자극해야 하는 것은 아니다. 고객이나 사용자가 실제로 표현하지 않은 감정·상징을 대신 정하지 않는다.,직접 사용하는 도구 하나를 골라 [기능 하나] / [실제 사용 장면 하나] / [선택한 개인적 이유 하나]를 적는다. 세 항목 중 직접 말할 수 있는 항목을 중심으로 짧은 글을 쓴다.,sources/instagram/saved-index.md
B035,Instagram,좋은 작업물을 만들도록 돕는 리더 역할,dy1.mag,https://www.instagram.com/dy1.mag/p/DThpkaIFDgk/,인스타 저장·비즈니스,협업·리더십,이전 캡션 분류,,,없음,,,,sources/instagram/saved-index.md
B036,Instagram,투자 아이디어 탐색 — 이미지 본문 미확인,corp.inside,https://www.instagram.com/corp.inside/p/DTXu4Lhj8E5/,인스타 저장·비즈니스,별도 확인·배경,이전 캡션 분류,,,없음,,,,sources/instagram/saved-index.md
B037,Instagram,사업 인터뷰 티저 — 실질 내용 미확인,simonsquibb.kr,https://www.instagram.com/simonsquibb.kr/reel/DTH4PdvEyNo/,인스타 저장·비즈니스,별도 확인·배경,이전 캡션 분류,,,없음,,,,sources/instagram/saved-index.md
B038,Instagram,경영진 역할과 책임 구분,unbound.dreamer,https://www.instagram.com/unbound.dreamer/p/DSpQoWgCSf9/,인스타 저장·비즈니스,협업·리더십,이전 캡션 분류,,,없음,,,,sources/instagram/saved-index.md
B039,Instagram,성과를 만드는 사고방식에 관한 주장,dy1.mag,https://www.instagram.com/dy1.mag/p/DSlbr2bkwz4/,인스타 저장·비즈니스,실행·지속·회복,이전 캡션 분류,,,없음,,,,sources/instagram/saved-index.md
B040,Instagram,일잘러의 네 단계 — 단계별 내용 미확인,drawandrew101,https://www.instagram.com/drawandrew101/reel/DSAG7heklu5/,인스타 저장·비즈니스,실행·지속·회복,이전 캡션 분류,,,없음,,,,sources/instagram/saved-index.md
B041,Instagram,1인기업 상세페이지 구조 점검,youngboss.kr,https://www.instagram.com/youngboss.kr/p/DRuF9Etklxl/,인스타 저장·비즈니스,고객·설득·브랜드,이전 캡션 분류,,,없음,,,,sources/instagram/saved-index.md
B042,Instagram,상품의 경험 가치와 감정 변화,youngboss.kr,https://www.instagram.com/youngboss.kr/p/DRjxpqmkqpQ/,인스타 저장·비즈니스,고객·설득·브랜드,이전 캡션 분류,,,없음,,,,sources/instagram/saved-index.md
B043,Instagram,노력 없이 얻는 성공에 대한 비판,dy1.mag,https://www.instagram.com/dy1.mag/p/DRUjLXSgUKn/,인스타 저장·비즈니스,실행·지속·회복,이전 캡션 분류,,,없음,,,,sources/instagram/saved-index.md
B044,Instagram,마케팅 열 가지 핵심 — 슬라이드 확인 필요,success_spoon,https://www.instagram.com/success_spoon/p/DQBlrOqEkG4/,인스타 저장·비즈니스,고객·설득·브랜드,이전 캡션 분류,,,없음,,,,sources/instagram/saved-index.md
B045,Instagram,세일즈·협상·인간 이해·돈에 대한 학습,aim___ing,https://www.instagram.com/aim___ing/reel/DPq_dAYCfaR/,인스타 저장·비즈니스,실행·지속·회복,이전 캡션 분류,,,없음,,,,sources/instagram/saved-index.md
B046,Instagram,성공코드 해시태그만 확보,success_code_lab,https://www.instagram.com/success_code_lab/reel/DPLs9P5kykZ/,인스타 저장·비즈니스,별도 확인·배경,이전 캡션 분류,,,없음,,,,sources/instagram/saved-index.md
B047,Instagram,핵심·인접·신규 업무의 70/20/10 배분,aim___ing,https://www.instagram.com/aim___ing/reel/DPMKCrhEuP3/,인스타 저장·비즈니스,협업·리더십,이전 캡션 분류,,,없음,,,,sources/instagram/saved-index.md
B048,Instagram,중앙은행·연준 관련 릴스 — 상세 미확인,tleaves_news,https://www.instagram.com/tleaves_news/reel/DPBAKjtERIi/,인스타 저장·비즈니스,별도 확인·배경,이전 캡션 분류,,,없음,,,,sources/instagram/saved-index.md
B049,Instagram,보유 지식보다 학습 능력,dy1.mag,https://www.instagram.com/dy1.mag/p/DO0pY75AYBf/,인스타 저장·비즈니스,실행·지속·회복,이전 캡션 분류,,,없음,,,,sources/instagram/saved-index.md
B050,Instagram,YC 출신 기업 사례 — 평가 수치 검증 필요,dy1.mag,https://www.instagram.com/dy1.mag/p/DOqsPWngS9k/,인스타 저장·비즈니스,제품·창업·AI,이전 캡션 분류,,,없음,,,,sources/instagram/saved-index.md
B051,Instagram,전쟁 억제에 관한 발언 — 비즈니스 적용 보류,dy1.mag,https://www.instagram.com/dy1.mag/p/DOgEqx3gSBh/,인스타 저장·비즈니스,별도 확인·배경,이전 캡션 분류,,,없음,,,,sources/instagram/saved-index.md
B052,Instagram,더 잘 대신하는 것과 팀이 더 잘하게 돕는 것을 구별한다,somewon_co,https://www.instagram.com/somewon_co/p/DOVEF1NEeq_/,인스타 저장·비즈니스,협업·리더십,이전 캡션 분류,,게시자는 뛰어난 실무자가 관리자가 된 뒤 자신이 잘하는 실무를 회수하면서 팀을 돕는 역할에서 멀어질 수 있다는 서술을 전한다.,자막·캡션 구간 직접 대조,"함께 일하는 사람에게서 일을 가져오고 싶을 때 완료 기준, 필요한 피드백, 제공할 자원이 충분했는지 먼저 확인한다. 직접 처리한 일과 상대가 다음에 독립적으로 할 수 있게 만든 일을 나눠 돌아볼 수 있다.",비상 대응이나 소규모 팀에서 관리자가 직접 실무를 하는 것 자체가 잘못은 아니다. 원문의 시간 배분 수치를 모든 팀의 기준으로 삼지 않는다. 사용자가 관리자 경험을 했다고 가정하지 않는다.,"논점: ‘내가 끝낸 일과 다른 사람이 다음에도 해낼 수 있게 만든 일은 다르게 보인다.’ 직접 겪은 협업 장면이 있을 때만 쓰고, 없다면 위임을 받는 사람의 입장에서 필요한 완료 기준을 적는다.",sources/instagram/saved-index.md
B053,Instagram,브랜드의 의미를 먼저 정리하는 마케팅,aim___ing,https://www.instagram.com/aim___ing/reel/DNA3zf7xDI-/,인스타 저장·비즈니스,고객·설득·브랜드,이전 캡션 분류,,,없음,,,,sources/instagram/saved-index.md
B054,Instagram,자기소개에서 단어와 프레임의 역할,selfmadeorange.club,https://www.instagram.com/selfmadeorange.club/reel/DNa2NsShJVI/,인스타 저장·비즈니스,고객·설득·브랜드,이전 캡션 분류,,,없음,,,,sources/instagram/saved-index.md
B055,Instagram,후킹보다 본문 근거와 끝의 행동이 연결되는지 점검한다,4real._.onair,https://www.instagram.com/4real._.onair/reel/DN-hXTjEYbp/,인스타 저장·비즈니스,고객·설득·브랜드,이전 캡션 분류,,게시자는 HSO라는 카피 구조를 소개하고 AI로 높은 완성도의 초안을 만들 수 있다고 주장한다. 댓글을 남기면 추가 자료를 주겠다는 안내가 있다.,자막·캡션 구간 직접 대조,"개인 Threads 글에서는 시작의 질문, 이를 뒷받침하는 실제 장면이나 논거, 독자가 해볼 행동 또는 답할 질문의 연결을 점검하는 편집 틀로 쓴다. 모든 글을 판매 제안으로 끝낼 필요는 없다.",초안의 빈 근거를 가상 고객 후기나 꾸며낸 개인 경험으로 채우지 않는다. 강한 첫 문장이 본문이 증명할 수 있는 범위를 넘지 않게 한다.,이미 가진 초안 하나에 [시작에서 약속한 내용] / [본문이 제공한 근거] / [마지막에 요청한 행동]을 표시한다. 연결이 끊기는 곳 한 군데를 고치는 편집 전후 글을 만든다.,sources/instagram/saved-index.md
B056,Instagram,설명 전에 고객 상황을 진단하는 질문,asul.salesman,https://www.instagram.com/asul.salesman/reel/DNfV2KbU8QG/,인스타 저장·비즈니스,고객·설득·브랜드,이전 캡션 분류,,,없음,,,,sources/instagram/saved-index.md
B057,Instagram,콜드콜 자기소개와 연락 목적 전달,me.mz_official,https://www.instagram.com/me.mz_official/reel/DNDEBrjT3-F/,인스타 저장·비즈니스,고객·설득·브랜드,이전 캡션 분류,,,없음,,,,sources/instagram/saved-index.md
B058,Instagram,제안 후 해결 수단을 확보한 사업 사례,aim___ing,https://www.instagram.com/aim___ing/reel/DNNv0bjxOlv/,인스타 저장·비즈니스,제품·창업·AI,이전 캡션 분류,,,없음,,,,sources/instagram/saved-index.md
B059,Instagram,제품 사용 뒤 달라질 생활을 설명하기,asul.salesman,https://www.instagram.com/asul.salesman/reel/DLmPzxvSrWg/,인스타 저장·비즈니스,고객·설득·브랜드,이전 캡션 분류,,,없음,,,,sources/instagram/saved-index.md
B060,Instagram,고객을 당기거나 밀어내는 표현 — 예시 미확인,asul.salesman,https://www.instagram.com/asul.salesman/reel/DM4ZntEVWql/,인스타 저장·비즈니스,고객·설득·브랜드,이전 캡션 분류,,,없음,,,,sources/instagram/saved-index.md
B061,Instagram,고객에게 더 나은 선택을 권하는 영업,asul.salesman,https://www.instagram.com/asul.salesman/reel/DNX1MR90q-z/,인스타 저장·비즈니스,고객·설득·브랜드,이전 캡션 분류,,,없음,,,,sources/instagram/saved-index.md
B062,Instagram,질문할 상대를 고르는 문제,unbound.dreamer,https://www.instagram.com/unbound.dreamer/reel/DGIwsV_ptqq/,인스타 저장·비즈니스,고객·설득·브랜드,이전 캡션 분류,,,없음,,,,sources/instagram/saved-index.md
B063,Instagram,즉각적 보상과 과시에 대한 경계,unbound.dreamer,https://www.instagram.com/unbound.dreamer/reel/DG-XCUepr02/,인스타 저장·비즈니스,실행·지속·회복,이전 캡션 분류,,,없음,,,,sources/instagram/saved-index.md
B064,Instagram,사업가의 실행과 일상 인터뷰,unbound.dreamer,https://www.instagram.com/unbound.dreamer/reel/DHBBUP8pwSK/,인스타 저장·비즈니스,실행·지속·회복,이전 캡션 분류,,,없음,,,,sources/instagram/saved-index.md
B065,Instagram,연애·성별 일반화 주장 — 업무 자료와 분리 검토,cold_psychology,https://www.instagram.com/cold_psychology/reel/DKhK9oBPIyo/,인스타 저장·비즈니스,별도 확인·배경,이전 캡션 분류,,,없음,,,,sources/instagram/saved-index.md
B066,Instagram,브랜딩·마케팅 TED 강연 묶음,takepage_,https://www.instagram.com/takepage_/reel/DJhIqbqA6Xb/,인스타 저장·비즈니스,고객·설득·브랜드,이전 캡션 분류,,,없음,,,,sources/instagram/saved-index.md
B067,Instagram,에어비앤비의 모방 경쟁 대응 사례,founderscontext,https://www.instagram.com/founderscontext/reel/DJOg836TXdL/,인스타 저장·비즈니스,제품·창업·AI,이전 캡션 분류,,,없음,,,,sources/instagram/saved-index.md
B068,Instagram,계정 홍보 문구만 확보 — 인터뷰 내용 미확인,schoolofhardknockz.kr,https://www.instagram.com/schoolofhardknockz.kr/reel/DJT-FzLSA2E/,인스타 저장·비즈니스,별도 확인·배경,이전 캡션 분류,,,없음,,,,sources/instagram/saved-index.md
B069,Instagram,창작자의 차별성과 자기 변화,hey.flowit,https://www.instagram.com/hey.flowit/reel/DIu90_Vzboq/,인스타 저장·비즈니스,실행·지속·회복,이전 캡션 분류,,,없음,,,,sources/instagram/saved-index.md
B070,Instagram,협상에서 상대의 실제 욕구 파악,unbound.dreamer,https://www.instagram.com/unbound.dreamer/reel/DIbRHyQJFE6/,인스타 저장·비즈니스,고객·설득·브랜드,이전 캡션 분류,,,없음,,,,sources/instagram/saved-index.md
B071,Instagram,불확실한 기회를 받아들이는 선택,simonsquibb.kr,https://www.instagram.com/simonsquibb.kr/p/DH3JOwezEs1/,인스타 저장·비즈니스,실행·지속·회복,이전 캡션 분류,,,없음,,,,sources/instagram/saved-index.md
B072,Instagram,자동차 판매 사례 — 노하우는 영상 확인 필요,gamsarang_hwang,https://www.instagram.com/gamsarang_hwang/reel/DBSZIcsoW1I/,인스타 저장·비즈니스,고객·설득·브랜드,이전 캡션 분류,,,없음,,,,sources/instagram/saved-index.md
B073,Instagram,고객 감동 영업 — 구체 방법 미확인,kgrsystem,https://www.instagram.com/kgrsystem/reel/DDyMlZUy9Wr/,인스타 저장·비즈니스,고객·설득·브랜드,이전 캡션 분류,,,없음,,,,sources/instagram/saved-index.md
B074,Instagram,비주류 생각을 실행으로 증명하기,100_0insight,https://www.instagram.com/100_0insight/reel/DHitg-8zMI9/,인스타 저장·비즈니스,실행·지속·회복,이전 캡션 분류,,,없음,,,,sources/instagram/saved-index.md
B075,Instagram,일을 맡길 때 결정 범위와 판단 근거도 전달한다,100_0insight,https://www.instagram.com/100_0insight/reel/DHMz4zATPim/,인스타 저장·비즈니스,협업·리더십,이전 캡션 분류,,"작성자는 동료가 생긴 뒤 오히려 관리와 전달 부담을 겪었다고 설명한다. 위임할 때 목적, 고려할 요소, 자신의 판단, 결정할 범위를 구체화해야 한다는 경험적 의견을 제시한다.",자막·캡션 구간 직접 대조,"사람이나 AI에 일을 맡길 때 결과물, 필요한 맥락, 고정 조건, 스스로 결정할 부분, 다시 확인할 부분을 짧게 함께 적어본다. 위임 후 되돌아온 질문은 다음 지시에서 빠뜨린 맥락을 찾는 자료가 된다.",사람에 관한 원문의 경험을 AI 협업에 적용하는 것은 분석자의 유추다. 정보가 충분하지 않을 때 상대에게 책임만 넘기는 도구로 쓰지 않는다. 매번 긴 문서를 만드는 대신 반복 질문에 맞춰 필요한 항목만 넣는다.,"논점: ‘맡긴 뒤 질문이 돌아온다면, 전달하지 않은 결정 기준부터 보자.’ [실제 보낸 요청] → [되돌아온 질문] → [추가한 맥락]이 있을 때만 사례로 쓴다. 없으면 다음 작업에서 비교할 지시문 틀을 제안한다.",sources/instagram/saved-index.md
B076,Instagram,사업의 존재를 알리는 기본,grow___hacker,https://www.instagram.com/grow___hacker/reel/DFpu-zftnFg/,인스타 저장·비즈니스,고객·설득·브랜드,이전 캡션 분류,,,없음,,,,sources/instagram/saved-index.md
B077,Instagram,학습만으로는 부족하다는 주장 — 상세 미확인,grow___hacker,https://www.instagram.com/grow___hacker/reel/DFc6IZeK64V/,인스타 저장·비즈니스,실행·지속·회복,이전 캡션 분류,,,없음,,,,sources/instagram/saved-index.md
B078,Instagram,Alex Hormozi 영상 — 일반 홍보 캡션,grow___hacker,https://www.instagram.com/grow___hacker/reel/DFXx3r1thgD/,인스타 저장·비즈니스,별도 확인·배경,이전 캡션 분류,,,없음,,,,sources/instagram/saved-index.md
B079,Instagram,판매 전 고객 필요와 가치 파악,jaykee_lj,https://www.instagram.com/jaykee_lj/reel/DFceEP0SYBK/,인스타 저장·비즈니스,고객·설득·브랜드,이전 캡션 분류,,,없음,,,,sources/instagram/saved-index.md
B080,Instagram,미루지 않고 행동하자는 동기부여,insight_out._.v,https://www.instagram.com/insight_out._.v/reel/DFM7LYAxzL7/,인스타 저장·비즈니스,실행·지속·회복,이전 캡션 분류,,,없음,,,,sources/instagram/saved-index.md
B081,Instagram,문제 해결자 관점의 사업 — 세부 영상 미확인,grow___hacker,https://www.instagram.com/grow___hacker/reel/DEzv_EghdCF/,인스타 저장·비즈니스,제품·창업·AI,이전 캡션 분류,,,없음,,,,sources/instagram/saved-index.md
B082,Instagram,혼자 하기보다 시스템과 팀으로 일하기,unbound.dreamer,https://www.instagram.com/unbound.dreamer/reel/DEHZwIBpanO/,인스타 저장·비즈니스,협업·리더십,이전 캡션 분류,,,없음,,,,sources/instagram/saved-index.md
B083,Instagram,리사 수와 AMD 경영 사례 — 영상 상세 미확인,human_intelligence_kr,https://www.instagram.com/human_intelligence_kr/reel/C_vBi5pP7h4/,인스타 저장·비즈니스,협업·리더십,이전 캡션 분류,,,없음,,,,sources/instagram/saved-index.md
B084,Instagram,논란 유도 댓글 마케팅 — 적용 보류,toomoneytalker_,https://www.instagram.com/toomoneytalker_/reel/DEhH8SZzRB-/,인스타 저장·비즈니스,별도 확인·배경,이전 캡션 분류,,,없음,,,,sources/instagram/saved-index.md
B085,Instagram,기회를 먼저 잡는 행동 — 세부 맥락 미확인,simglekorea,https://www.instagram.com/simglekorea/reel/DEkFqpETJrl/,인스타 저장·비즈니스,실행·지속·회복,이전 캡션 분류,,,없음,,,,sources/instagram/saved-index.md
dm-001,Instagram,"ECC라는 Claude Code 설정·스킬 묶음을 소개하며 계획, 테스트, 재검토, 기억, 재사용 워크플로를 설명한다.",ai_bombb,https://www.instagram.com/ai_bombb/reel/DdU6kL8tvdQ/,지정 DM 공유자료,제품·창업·AI,이전 게시물 캡션 확인,"ECC라는 Claude Code 설정·스킬 묶음을 소개하며 계획, 테스트, 재검토, 기억, 재사용 워크플로를 설명한다.",,없음,,,,sources/instagram/dm-audit.md
dm-002,Facebook,Facebook 릴스 공유 링크. DM 썸네일에서 기하 도형 장면이 보였으나 주제는 확정하지 않았다.,Mumu's garden (preview label),https://www.facebook.com/share/r/1a1amaNbUA/,지정 DM 공유자료,별도 확인·배경,공유 미리보기·본문 미확보,Facebook 릴스 공유 링크. DM 썸네일에서 기하 도형 장면이 보였으나 주제는 확정하지 않았다.,,없음,,,,sources/instagram/dm-audit.md
dm-003,Instagram,‘아하! 모멘트’라는 인터뷰형 릴스. 확인한 프레임에는 질문을 잘하게 된다는 한국어 자막이 보였다.,bizucafe,https://www.instagram.com/bizucafe/reel/Dc9xsH7CkD8/,지정 DM 공유자료,협업·리더십,이전 게시물 캡션 확인,‘아하! 모멘트’라는 인터뷰형 릴스. 확인한 프레임에는 질문을 잘하게 된다는 한국어 자막이 보였다.,,없음,,,,sources/instagram/dm-audit.md
dm-004,Instagram,브랜딩에서 제작량과 장인정신을 대비하는 릴스.,credit.seoul,https://www.instagram.com/credit.seoul/reel/Db-s7brMFiV/,지정 DM 공유자료,고객·설득·브랜드,이전 게시물 캡션 확인,브랜딩에서 제작량과 장인정신을 대비하는 릴스.,,없음,,,,sources/instagram/dm-audit.md
dm-005,Instagram,철학자 소재 웹 디자인을 제시하고 Claude의 디자인 능력에 도발적인 질문을 던지는 게시물.,seanaiux,https://www.instagram.com/seanaiux/reel/DbtVpzdKqcT/,지정 DM 공유자료,고객·설득·브랜드,이전 게시물 캡션 확인,철학자 소재 웹 디자인을 제시하고 Claude의 디자인 능력에 도발적인 질문을 던지는 게시물.,,없음,,,,sources/instagram/dm-audit.md
dm-006,Instagram,앱 여러 개를 운영하는 제작자의 수익·마케팅 노하우를 소개한다. 수익 주장은 검증하지 않았다.,codefactory_jc,https://www.instagram.com/codefactory_jc/reel/DZhNw0FvOAX/,지정 DM 공유자료,제품·창업·AI,이전 게시물 캡션 확인,앱 여러 개를 운영하는 제작자의 수익·마케팅 노하우를 소개한다. 수익 주장은 검증하지 않았다.,,없음,,,,sources/instagram/dm-audit.md
dm-007,Instagram,제스처 신시사이저로 음악을 연주하는 사례. 캡션에 바이브 코딩과 제스처 제어 태그가 있다.,raffertycoope,https://www.instagram.com/raffertycoope/reel/DbPCjivqf07/,지정 DM 공유자료,제작 방식·영감,이전 게시물 캡션 확인,제스처 신시사이저로 음악을 연주하는 사례. 캡션에 바이브 코딩과 제스처 제어 태그가 있다.,,없음,,,,sources/instagram/dm-audit.md
dm-008,Instagram,Remotion 저장소 URL이 보이는 영상 자동화 소개 화면.,pptpro_official,https://www.instagram.com/pptpro_official/reel/DbKvv6YBMCu/,지정 DM 공유자료,제작 방식·영감,이전 게시물 캡션 확인,Remotion 저장소 URL이 보이는 영상 자동화 소개 화면.,,없음,,,,sources/instagram/dm-audit.md
dm-009,Instagram,"Claude, Supabase, Vercel, Stripe, Clerk를 스타트업 제작 스택으로 제시한다. 가격·무료 범위는 미검증.",aikhanjum,https://www.instagram.com/aikhanjum/reel/DZViwCHPFas/,지정 DM 공유자료,제품·창업·AI,이전 게시물 캡션 확인,"Claude, Supabase, Vercel, Stripe, Clerk를 스타트업 제작 스택으로 제시한다. 가격·무료 범위는 미검증.",,없음,,,,sources/instagram/dm-audit.md
dm-010,Instagram,‘노라보자’ iOS·Android 앱 출시를 알리는 개발 기록.,ddangjihae,https://www.instagram.com/ddangjihae/reel/DYFIEY_v0OG/,지정 DM 공유자료,제품·창업·AI,이전 게시물 캡션 확인,‘노라보자’ iOS·Android 앱 출시를 알리는 개발 기록.,,없음,,,,sources/instagram/dm-audit.md
dm-011,Instagram,좋아하는 경험을 내 생활의 다른 표면으로 옮겨본다,gojaehyun.go,https://www.instagram.com/gojaehyun.go/reel/DaclFDTPKLL/,지정 DM 공유자료,제품·창업·AI,이전 게시물 캡션 확인,소설 문장으로 시간을 표시하는 Author Clock에서 영감을 받아 만든 한국어 iPhone StandBy 앱 사례.,"작성자는 소설 문장으로 시간을 나타내는 실물 제품을 보고, 구하기 어려워 자신이 쓰는 전화기의 앱 형태로 만들어 사용했다고 소개한다.",자막·캡션 구간 직접 대조,레퍼런스를 볼 때 결과물의 외형만 저장하지 말고 ‘어떤 경험이 마음에 들었는지’와 ‘내 생활의 어디에서 다시 쓸 수 있는지’를 적는다. 매체·언어·사용 장소 중 하나를 바꾸는 것이 작은 개인 제작의 출발점이 될 수 있다.,개인의 재미있는 제작 사례와 시장 수요 검증을 구별한다. 사용자의 실제 제작 경험처럼 서술하지 않는다. 게시자의 오픈 소스 언급만으로 코드나 문장·번역의 재사용 조건이 확인된 것은 아니다.,최근 저장한 레퍼런스에서 [마음에 든 경험] / [그대로 쓰기 어려운 이유] / [내 환경에 맞게 바꿔볼 부분]을 적는다. 아직 만들지 않았다면 ‘만들어보고 싶은 것’으로 쓴다.,sources/instagram/dm-audit.md
dm-012,YouTube 커뮤니티,YouTube 커뮤니티 게시물 공유 링크. 본문은 DM 미리보기에 노출되지 않았다.,BZCF | 비즈까페 (preview label),http://youtube.com/post/UgkxPa1-IwmCI4SUKKp8krkwt57nYXP8OPTn?si=z097p-dirod30RWT,지정 DM 공유자료,별도 확인·배경,공유 미리보기·본문 미확보,YouTube 커뮤니티 게시물 공유 링크. 본문은 DM 미리보기에 노출되지 않았다.,,없음,,,,sources/instagram/dm-audit.md
dm-013,Instagram,개발·디자인·마케팅·콘텐츠·재무·운영·법무를 나눈 Claude 업무 스킬 소개. 댓글을 요구하는 자료 안내는 실행하지 않았다.,hongik.man,https://www.instagram.com/p/Da-CVQjD5Zr/,지정 DM 공유자료,제품·창업·AI,이전 게시물 캡션 확인,개발·디자인·마케팅·콘텐츠·재무·운영·법무를 나눈 Claude 업무 스킬 소개. 댓글을 요구하는 자료 안내는 실행하지 않았다.,,없음,,,,sources/instagram/dm-audit.md
dm-014,Instagram,clipzi.app 이름과 자동 자막 편집 화면이 보이는 영상.,atlas.bennet,https://www.instagram.com/atlas.bennet/reel/Dabwfm3h2Vo/,지정 DM 공유자료,제작 방식·영감,이전 게시물 캡션 확인,clipzi.app 이름과 자동 자막 편집 화면이 보이는 영상.,,없음,,,,sources/instagram/dm-audit.md
dm-015,Instagram,크리스마스 음악 커버를 소개하는 릴스.,jaeovr,https://www.instagram.com/jaeovr/reel/Da2qHwwhWcY/,지정 DM 공유자료,제작 방식·영감,이전 게시물 캡션 확인,크리스마스 음악 커버를 소개하는 릴스.,,없음,,,,sources/instagram/dm-audit.md
dm-016,Instagram,가로 대담 영상을 세로 클립으로 편집하는 화면. 이 게시물에서 도구명은 명확히 확인하지 못했다.,atlas.bennet,https://www.instagram.com/atlas.bennet/reel/Da0k2PkPzYm/,지정 DM 공유자료,제작 방식·영감,이전 게시물 캡션 확인,가로 대담 영상을 세로 클립으로 편집하는 화면. 이 게시물에서 도구명은 명확히 확인하지 못했다.,,없음,,,,sources/instagram/dm-audit.md
dm-017,Instagram,42개 스킬을 7개 조직으로 나눠 Claude Code를 운영한다는 자료. Norbert Bezzina의 LinkedIn 게시물을 출처로 언급하나 원출처는 열지 않았다.,leadgenman,https://www.instagram.com/p/Da0i1JcjXRr/,지정 DM 공유자료,제품·창업·AI,이전 게시물 캡션 확인,42개 스킬을 7개 조직으로 나눠 Claude Code를 운영한다는 자료. Norbert Bezzina의 LinkedIn 게시물을 출처로 언급하나 원출처는 열지 않았다.,,없음,,,,sources/instagram/dm-audit.md
dm-018,Instagram,"Remotion, Claude Mem, UI/UX Pro Max, Marketing Skills, Superpowers를 소개한다. 설치·성과·인기도 주장은 검증하지 않았다.",moodmode.ai,https://www.instagram.com/p/DaxEFgUESSY/,지정 DM 공유자료,제품·창업·AI,이전 게시물 캡션 확인,"Remotion, Claude Mem, UI/UX Pro Max, Marketing Skills, Superpowers를 소개한다. 설치·성과·인기도 주장은 검증하지 않았다.",,없음,,,,sources/instagram/dm-audit.md
dm-019,Instagram,제품이 좋다는 설명 옆에 안심하고 시도할 근거를 놓는다,thewellpediaproject,https://www.instagram.com/thewellpediaproject/reel/DaxJ28wBPCM/,지정 DM 공유자료,협업·리더십,이전 게시물 캡션 확인,Jon Stein 인터뷰를 통해 혁신과 기술 확산에서 사람 사이 신뢰의 역할을 설명한다.,게시자는 Jon Stein 인터뷰를 소개하며 기술이 퍼지려면 사람 간 신뢰가 필요하다는 관점을 전한다.,자막·캡션 구간 직접 대조,"고객이 제품을 작게 시험할 때 필요한 확인 자료, 지원 담당, 되돌릴 방법, 다음 점검 시점을 함께 설명해본다. 추상적인 신뢰를 ‘어떤 걱정이 해결되었나’라는 관찰 가능한 질문으로 좁힌다.",신뢰만 있으면 성능·비용·사용성 문제가 해결된다고 보지 않는다. 실제 제공할 수 없는 지원이나 결과를 약속하지 않는다. 합의한 다음 행동과 구매 완료는 별도로 기록한다.,"논점: ‘기능 설명을 듣고도 처음 써보는 일이 어려운 이유는 무엇일까.’ 실제 고객 우려가 있으면 익명으로 쓰고, 없다면 처음 도입하는 사용자가 확인할 질문 세 가지를 제안한다.",sources/instagram/dm-audit.md
dm-020,Instagram,자동화할 일의 책임·승인·예외 처리를 먼저 보이게 한다,ianpark.vc,https://www.instagram.com/p/DaKYBO-lJ7p/,지정 DM 공유자료,협업·리더십,이전 게시물 캡션 확인,기업 AI 전환의 병목을 기술만이 아니라 조직·정치·신뢰의 문제로 보는 의견. 인용 통계와 연구 출처는 독립 검증하지 않았다.,게시자는 기업 AI 도입의 병목을 조직과 이해관계에서 찾는다. 여러 연구 수치를 함께 제시하고 기술 외의 문제를 권력의 문제로 묶는 강한 의견을 편다.,자막·캡션 구간 직접 대조,"자동화 후보 하나에 입력을 누가 제공하는지, 결과를 누가 확인하는지, 예외가 생기면 누가 처리하는지, 어떤 실제 결과를 볼지 적어본다. 개인 도구에서는 자신의 승인·확인 지점으로 단순화한다.",조직 문제를 모두 정치나 저항으로 규정하지 않는다. 데이터 품질·기술 제약·비용·절차 문제를 함께 확인한다. 기업 AX 논의를 개인용 Moonlight의 다중 사용자 기능 필요성으로 확대하지 않는다.,논점: ‘자동화 데모가 돌아간 뒤에도 남는 질문: 누가 확인하고 예외는 누가 처리할까.’ [실제 자동화 후보] 하나의 책임 흐름을 그린 뒤 빈칸이 있는 곳을 질문형으로 풀어 쓴다.,sources/instagram/dm-audit.md
